,timestamp,open,high,low,close,adjusted_close,volume,dividend_amount,split_coefficient
0,2022-11-15,540.0,540.15,530.25,533.05,533.05,119466,0.0,1.0
1,2022-11-14,542.7,545.0,536.5,538.75,538.75,53888,0.0,1.0
2,2022-11-11,533.2,552.95,532.65,542.6,542.6,264854,0.0,1.0
3,2022-11-10,533.0,534.65,527.0,528.25,528.25,74920,0.0,1.0
4,2022-11-09,539.95,539.95,531.0,531.75,531.75,104000,0.0,1.0
5,2022-11-07,539.2,543.2,534.8,536.25,536.25,47216,0.0,1.0
6,2022-11-04,544.0,546.0,536.55,539.2,539.2,51050,0.0,1.0
7,2022-11-03,539.2,548.35,531.75,545.3,545.3,65286,0.0,1.0
8,2022-11-02,544.5,548.2,540.5,542.5,542.5,34049,0.0,1.0
9,2022-11-01,541.3,550.9,540.8,544.5,544.5,92640,0.0,1.0
10,2022-10-31,533.9,541.25,531.8,540.35,540.35,97330,0.0,1.0
11,2022-10-28,531.9,536.45,528.35,530.1,530.1,57944,0.0,1.0
12,2022-10-27,533.4,537.0,529.65,533.0,533.0,97126,0.0,1.0
13,2022-10-25,546.65,546.65,531.55,533.45,533.45,780488,0.0,1.0
14,2022-10-24,548.85,548.85,540.2,541.6,541.6,15828,0.0,1.0
15,2022-10-21,537.6,548.15,536.6,541.75,541.75,90259,0.0,1.0
16,2022-10-20,531.9,538.0,527.45,537.05,537.05,53862,0.0,1.0
17,2022-10-19,531.25,535.25,529.35,530.95,530.95,71171,0.0,1.0
18,2022-10-18,526.0,532.45,523.8,531.25,531.25,444172,0.0,1.0
19,2022-10-17,523.0,526.0,518.9,523.6,523.6,1152355,0.0,1.0
20,2022-10-14,530.25,533.45,522.0,522.9,522.9,81073,0.0,1.0
21,2022-10-13,527.0,527.0,518.05,520.65,520.65,53451,0.0,1.0
22,2022-10-12,522.0,528.45,520.5,526.15,526.15,41734,0.0,1.0
23,2022-10-11,533.0,534.7,521.5,522.45,522.45,1124887,0.0,1.0
24,2022-10-10,524.05,534.3,520.15,532.65,532.65,80414,0.0,1.0
25,2022-10-07,529.6,533.4,526.1,527.15,527.15,52254,0.0,1.0
26,2022-10-06,534.0,539.0,528.9,529.6,529.6,47783,0.0,1.0
27,2022-10-04,523.0,532.95,522.75,531.75,531.75,60494,0.0,1.0
28,2022-10-03,530.1,530.85,518.0,518.8,518.8,65129,0.0,1.0
29,2022-09-30,528.05,532.4,521.55,530.05,530.05,55097,0.0,1.0
30,2022-09-29,519.0,529.85,517.3,527.65,527.65,150068,0.0,1.0
31,2022-09-28,519.95,520.25,510.1,514.6,514.6,183020,0.0,1.0
32,2022-09-27,525.0,526.8,515.35,521.15,521.15,69192,0.0,1.0
33,2022-09-26,532.5,535.0,520.05,522.6,522.6,108176,0.0,1.0
34,2022-09-23,542.1,544.95,537.2,539.4,539.4,47464,0.0,1.0
35,2022-09-22,547.9,551.15,540.15,545.7,545.7,73566,0.0,1.0
36,2022-09-21,555.5,561.85,549.6,551.35,551.35,101111,0.0,1.0
37,2022-09-20,550.0,564.4,547.95,560.0,560.0,609148,0.0,1.0
38,2022-09-19,552.9,556.65,543.0,548.05,548.05,1999064,0.0,1.0
39,2022-09-16,570.0,570.0,542.85,546.65,546.65,1185139,0.0,1.0
40,2022-09-15,576.25,583.15,566.1,567.0,567.0,48617,0.0,1.0
41,2022-09-14,580.0,586.0,575.2,576.25,576.25,81860,0.0,1.0
42,2022-09-13,601.0,606.0,585.35,586.9,586.9,43545098,0.0,1.0
43,2022-09-12,577.0,584.0,572.7,579.9,579.9,105889,0.0,1.0
44,2022-09-09,585.15,588.2,575.05,576.0,576.0,65238,0.0,1.0
45,2022-09-08,577.05,586.0,577.05,584.35,584.35,45882,0.0,1.0
46,2022-09-07,567.05,578.0,567.05,576.65,576.65,100361,0.0,1.0
47,2022-09-06,573.5,580.45,571.6,574.1,574.1,48989,0.0,1.0
48,2022-09-05,574.5,578.7,570.0,573.4,573.4,80828,0.0,1.0
49,2022-09-02,572.1,586.0,571.35,574.9,574.9,148569,0.0,1.0
50,2022-09-01,574.05,580.7,569.1,575.8,575.8,43570,0.0,1.0
51,2022-08-30,562.0,576.5,562.0,575.1,575.1,38726,0.0,1.0
52,2022-08-29,555.6,564.9,555.05,560.8,560.8,52138,0.0,1.0
53,2022-08-26,579.5,581.25,564.3,566.7,566.7,160711,0.0,1.0
54,2022-08-25,571.0,579.8,568.55,571.2,571.2,54819,0.0,1.0
55,2022-08-24,570.0,574.25,563.15,566.2,566.2,79160,0.0,1.0
56,2022-08-23,559.0,571.05,559.0,566.0,566.0,50270,0.0,1.0
57,2022-08-22,575.5,576.1,565.7,566.5,566.5,46325,0.0,1.0
58,2022-08-19,584.3,594.05,574.25,576.1,576.1,58273,0.0,1.0
59,2022-08-18,589.8,598.95,583.0,586.7,586.7,225861,0.0,1.0
60,2022-08-17,570.6,591.75,570.55,590.0,590.0,146571,0.0,1.0
61,2022-08-16,548.0,572.7,545.85,570.55,570.55,398026,0.0,1.0
62,2022-08-12,543.95,548.2,540.2,545.25,545.25,49468,0.0,1.0
63,2022-08-11,544.0,545.35,539.3,541.5,541.5,95560,0.0,1.0
64,2022-08-10,536.75,543.9,536.55,541.05,541.05,49619,0.0,1.0
65,2022-08-08,539.5,543.45,535.85,536.75,536.75,109477,0.0,1.0
66,2022-08-05,535.0,545.4,535.0,539.3,539.3,84079,0.0,1.0
67,2022-08-04,535.3,539.5,529.4,534.85,534.85,61948,0.0,1.0
68,2022-08-03,540.0,540.75,527.75,535.3,535.3,167996,0.0,1.0
69,2022-08-02,545.0,545.1,534.9,538.55,538.55,84190,0.0,1.0
70,2022-08-01,560.0,560.4,544.3,545.95,545.95,1464364,0.0,1.0
71,2022-07-29,538.9,559.95,534.15,555.55,555.55,616073,0.0,1.0
72,2022-07-28,522.25,536.0,519.65,532.65,532.65,294769,0.0,1.0
73,2022-07-27,528.0,532.35,520.2,521.25,521.25,93714,0.0,1.0
74,2022-07-26,529.0,530.6,520.0,521.85,521.85,63096,0.0,1.0
75,2022-07-25,534.8,535.85,526.0,526.75,526.75,62255,0.0,1.0
76,2022-07-22,532.0,536.9,528.7,534.9,534.9,165648,0.0,1.0
77,2022-07-21,526.0,532.15,519.1,529.15,529.15,111524,0.0,1.0
78,2022-07-20,539.0,540.45,522.1,524.9,524.9,212193,0.0,1.0
79,2022-07-19,542.0,544.6,535.0,535.85,535.85,177015,0.0,1.0
80,2022-07-18,543.95,546.0,540.4,543.25,543.25,1300053,0.0,1.0
81,2022-07-15,538.0,541.55,534.1,539.7,539.7,58267,0.0,1.0
82,2022-07-14,539.3,542.95,532.5,537.2,537.2,63134,0.0,1.0
83,2022-07-13,540.1,545.0,538.9,539.7,539.7,32825,0.0,1.0
84,2022-07-12,544.95,546.3,537.8,539.5,539.5,84115,0.0,1.0
85,2022-07-11,543.9,549.2,541.1,546.7,546.7,78093,0.0,1.0
86,2022-07-08,558.0,558.3,543.55,545.35,545.35,103387,0.0,1.0
87,2022-07-07,564.9,565.25,551.4,554.6,554.6,92381,0.0,1.0
88,2022-07-06,560.0,571.85,555.1,558.05,558.05,69620,0.0,1.0
89,2022-07-05,579.0,580.05,563.4,565.0,565.0,38825,0.0,1.0
90,2022-07-04,569.0,575.5,563.25,574.2,574.2,63426,0.0,1.0
91,2022-07-01,549.95,567.45,540.9,565.55,565.55,71126,0.0,1.0
92,2022-06-30,541.95,555.8,538.05,550.2,550.2,103941,0.0,1.0
93,2022-06-29,556.95,561.5,539.0,540.95,540.95,106253,0.0,1.0
94,2022-06-28,557.0,569.05,549.4,566.1,566.1,33148,0.0,1.0
95,2022-06-27,561.4,572.35,556.8,557.8,557.8,37090,0.0,1.0
96,2022-06-24,560.0,565.15,558.85,561.35,561.35,29104,0.0,1.0
97,2022-06-23,551.85,559.95,549.7,558.0,558.0,42164,0.0,1.0
98,2022-06-22,563.0,563.0,550.65,551.85,551.85,23140,0.0,1.0
99,2022-06-21,557.95,565.65,555.0,564.3,564.3,39488,0.0,1.0
100,2022-06-20,548.05,558.5,546.25,553.5,553.5,77853,0.0,1.0
101,2022-06-17,563.0,571.1,547.2,551.25,551.25,103116,0.0,1.0
102,2022-06-16,583.0,585.65,567.5,571.1,571.1,87379,0.0,1.0
103,2022-06-15,573.0,582.1,571.2,579.75,579.75,38519,0.0,1.0
104,2022-06-14,575.45,584.55,570.0,572.2,572.2,72044,0.0,1.0
105,2022-06-13,588.0,589.6,579.5,583.3,583.3,44434,0.0,1.0
106,2022-06-10,604.9,604.9,591.5,592.65,592.65,61626,0.0,1.0
107,2022-06-09,592.3,606.75,592.3,604.9,604.9,65211,0.0,1.0
108,2022-06-08,606.7,608.55,596.25,600.0,600.0,52393,0.0,1.0
109,2022-06-07,609.8,609.8,593.3,604.45,604.45,46822,0.0,1.0
110,2022-06-06,598.1,614.25,598.1,606.0,606.0,115854,0.0,1.0
111,2022-06-03,610.05,617.0,600.35,602.75,602.75,55135,0.0,1.0
112,2022-06-02,607.0,609.45,591.6,607.65,607.65,85182,0.0,1.0
113,2022-06-01,599.0,608.85,597.05,607.0,607.0,101127,0.0,1.0
114,2022-05-31,608.0,608.0,596.4,599.3,599.3,51844,1.7,1.0
115,2022-05-30,604.0,613.35,599.45,607.85,606.15,261635,0.0,1.0
116,2022-05-27,581.0,604.0,577.2,598.2,596.527,344907,0.0,1.0
117,2022-05-26,570.0,580.1,563.4,578.15,576.5331,63443,0.0,1.0
118,2022-05-25,555.75,571.75,555.75,569.0,567.4087,127659,0.0,1.0
119,2022-05-24,551.2,556.15,545.45,552.65,551.1044,91309,0.0,1.0
120,2022-05-23,543.0,556.45,542.0,551.2,549.6584,52759,0.0,1.0
121,2022-05-20,533.9,547.1,532.35,544.65,543.1268,104470,0.0,1.0
122,2022-05-19,539.95,547.75,526.5,529.05,527.5704,217790,0.0,1.0
123,2022-05-18,555.0,558.3,547.85,549.4,547.8635,80352,0.0,1.0
124,2022-05-17,551.0,556.6,542.5,554.85,553.2982,131981,0.0,1.0
125,2022-05-16,554.9,557.65,544.15,549.85,548.3122,40008,0.0,1.0
126,2022-05-13,552.0,565.85,548.35,550.3,548.761,164860,0.0,1.0
127,2022-05-12,560.0,565.0,544.45,547.45,545.9189,149961,0.0,1.0
128,2022-05-11,559.9,575.5,559.15,563.8,562.2232,86187,0.0,1.0
129,2022-05-10,560.0,572.9,557.55,558.9,557.3369,145009,0.0,1.0
130,2022-05-09,555.55,568.8,555.55,564.0,562.4226,106659,0.0,1.0
131,2022-05-06,521.25,573.6,521.25,566.2,564.6165,210487,0.0,1.0
132,2022-05-05,567.0,577.45,564.0,569.85,568.2563,117855,0.0,1.0
133,2022-05-04,574.1,580.0,564.45,567.65,566.0624,950984,0.0,1.0
134,2022-05-02,578.8,585.95,574.45,579.65,578.0289,153097,0.0,1.0
135,2022-04-29,578.0,593.95,574.05,582.5,580.8709,221762,0.0,1.0
136,2022-04-28,550.0,575.0,546.85,571.35,569.7521,284016,0.0,1.0
137,2022-04-27,551.2,558.45,537.15,547.65,546.1184,114969,0.0,1.0
138,2022-04-26,541.5,555.85,538.0,549.5,547.9632,125861,0.0,1.0
139,2022-04-25,550.0,551.3,536.15,540.25,538.7391,73130,0.0,1.0
140,2022-04-22,569.05,569.05,552.3,554.05,552.5005,80601,0.0,1.0
141,2022-04-21,561.95,575.6,556.85,570.05,568.4557,143502,0.0,1.0
142,2022-04-20,549.35,560.9,541.0,559.55,557.9851,158897,0.0,1.0
143,2022-04-19,577.8,579.65,542.55,547.2,545.6696,739608,0.0,1.0
144,2022-04-18,562.0,576.8,555.55,574.3,572.6938,288663,0.0,1.0
145,2022-04-13,569.7,569.7,562.1,564.55,562.9711,46965,0.0,1.0
146,2022-04-12,567.3,572.6,560.5,562.2,560.6277,72823,0.0,1.0
147,2022-04-11,564.0,571.8,560.75,567.25,565.6635,82811,0.0,1.0
148,2022-04-08,560.0,566.85,554.0,564.6,563.021,2775715,0.0,1.0
149,2022-04-07,559.9,560.3,552.7,558.85,557.287,1440993,0.0,1.0
150,2022-04-06,568.9,568.9,554.0,556.1,554.5447,176011,0.0,1.0
151,2022-04-05,576.0,576.0,567.35,569.5,567.9073,69093,0.0,1.0
152,2022-04-04,557.0,597.5,553.85,571.55,569.9515,1301396,0.0,1.0
153,2022-04-01,540.9,551.3,536.3,550.55,549.0103,189353,0.0,1.0
154,2022-03-31,544.0,550.0,534.15,538.25,536.7447,119139,0.0,1.0
155,2022-03-30,526.75,543.2,526.0,541.95,540.4343,368130,0.0,1.0
156,2022-03-29,513.6,525.7,513.6,523.1,521.637,151864,0.0,1.0
157,2022-03-28,515.3,520.75,505.25,512.4,510.9669,316143,0.0,1.0
158,2022-03-25,523.6,528.0,517.85,519.55,518.097,97777,0.0,1.0
159,2022-03-24,524.0,526.0,519.1,522.1,520.6398,219988,0.0,1.0
160,2022-03-23,531.9,534.0,524.35,526.15,524.6785,210564,0.0,1.0
161,2022-03-22,523.85,530.3,516.5,529.05,527.5704,191494,0.0,1.0
162,2022-03-21,532.05,534.9,520.45,522.4,520.939,121629,0.0,1.0
163,2022-03-17,522.2,532.65,520.4,530.1,528.6174,870686,0.0,1.0
164,2022-03-16,509.8,521.25,506.4,517.3,515.8532,126539,0.0,1.0
165,2022-03-15,513.0,519.5,503.0,504.5,503.089,450714,0.0,1.0
166,2022-03-14,528.8,528.8,510.0,512.45,511.0168,120283,0.0,1.0
167,2022-03-11,519.3,524.3,514.9,518.7,517.2493,204818,0.0,1.0
168,2022-03-10,525.0,529.5,515.85,521.3,519.8421,339453,0.0,1.0
169,2022-03-09,519.5,520.0,508.25,514.85,513.4101,130445,0.0,1.0
170,2022-03-08,501.0,514.9,497.3,512.95,511.5154,182119,0.0,1.0
171,2022-03-07,507.0,520.2,498.0,503.45,502.042,458406,0.0,1.0
172,2022-03-04,529.5,529.8,514.3,521.65,520.1911,243683,0.0,1.0
173,2022-03-03,560.0,563.75,530.25,531.9,530.4124,824115,0.0,1.0
174,2022-03-02,519.9,563.1,509.05,560.9,559.3313,9899375,0.0,1.0
175,2022-02-28,533.9,533.9,520.3,523.15,521.6869,260185,0.0,1.0
176,2022-02-25,545.0,545.6,534.0,538.9,537.3928,102225,0.0,1.0
177,2022-02-24,555.0,559.15,529.05,532.5,531.0107,399511,0.0,1.0
178,2022-02-23,572.45,577.1,566.0,570.2,568.6053,536891,0.0,1.0
179,2022-02-22,573.25,576.25,565.0,572.45,570.849,135636,0.0,1.0
180,2022-02-21,588.0,589.45,576.45,582.3,580.6715,55435,0.0,1.0
181,2022-02-18,590.9,597.5,588.05,590.85,589.1975,47197,0.0,1.0
182,2022-02-17,586.05,595.25,581.4,592.5,590.8429,91886,0.0,1.0
183,2022-02-16,579.0,592.9,577.2,586.05,584.411,224187,0.0,1.0
184,2022-02-15,570.0,574.65,551.7,573.65,572.0456,137944,0.0,1.0
185,2022-02-14,586.15,588.75,555.0,557.2,555.6417,473411,0.0,1.0
186,2022-02-11,600.0,601.4,593.35,595.35,593.685,114396,0.0,1.0
187,2022-02-10,600.0,611.15,590.85,606.6,604.9035,176739,0.0,1.0
188,2022-02-09,601.2,605.05,596.0,600.2,598.5214,119059,0.0,1.0
189,2022-02-08,605.1,607.8,594.35,600.55,598.8704,143804,0.0,1.0
190,2022-02-07,620.05,623.2,600.15,603.45,601.7623,235275,0.0,1.0
191,2022-02-04,638.95,638.95,622.1,624.6,622.8532,38805,0.0,1.0
192,2022-02-03,648.95,648.95,631.25,634.15,632.3764,68582,0.0,1.0
193,2022-02-02,625.0,645.7,625.0,644.15,642.3485,60297,0.0,1.0
194,2022-02-01,625.0,638.6,617.6,623.8,622.0554,160185,0.0,1.0
195,2022-01-31,622.2,627.05,615.8,622.95,621.2078,54462,0.0,1.0
196,2022-01-28,620.05,632.75,619.1,620.35,618.615,70217,0.0,1.0
197,2022-01-27,629.6,629.6,617.1,621.8,620.061,69373,0.0,1.0
198,2022-01-25,627.1,633.4,616.85,630.65,628.8862,59590,0.0,1.0
199,2022-01-24,640.9,640.9,619.35,627.1,625.3462,110142,0.0,1.0
200,2022-01-21,642.0,646.25,633.6,641.25,639.4566,450553,0.0,1.0
201,2022-01-20,655.0,660.0,647.55,650.05,648.232,76288,0.0,1.0
202,2022-01-19,666.0,666.0,652.3,656.2,654.3648,84361,0.0,1.0
203,2022-01-18,677.7,679.05,667.0,669.4,667.5279,30239,0.0,1.0
204,2022-01-17,670.2,675.4,668.5,674.1,672.2147,85473,0.0,1.0
205,2022-01-14,670.0,674.9,666.25,671.95,670.0707,25095,0.0,1.0
206,2022-01-13,674.7,676.3,668.7,670.25,668.3755,27525,0.0,1.0
207,2022-01-12,661.7,674.15,659.45,673.1,671.2175,46077,0.0,1.0
208,2022-01-11,663.8,665.55,656.2,658.05,656.2096,78660,0.0,1.0
209,2022-01-10,667.75,669.6,661.4,662.95,661.0959,38402,0.0,1.0
210,2022-01-07,645.1,662.0,645.1,660.15,658.3037,117201,0.0,1.0
211,2022-01-06,650.0,651.4,644.85,646.95,645.1406,40312,0.0,1.0
212,2022-01-05,655.9,658.45,650.7,653.45,651.6225,55779,0.0,1.0
213,2022-01-04,654.4,655.0,648.85,652.85,651.0241,70654,0.0,1.0
214,2022-01-03,652.75,659.2,646.4,651.0,649.1793,42628,0.0,1.0
215,2021-12-31,643.9,654.9,642.0,648.8,646.9855,137241,0.0,1.0
216,2021-12-30,647.0,647.0,640.2,640.95,639.1574,32771,0.0,1.0
217,2021-12-29,647.3,647.3,639.15,644.55,642.7474,246807,0.0,1.0
218,2021-12-28,640.35,643.3,639.0,642.15,640.3541,30119,0.0,1.0
219,2021-12-27,639.95,642.35,630.1,639.35,637.5619,27934,0.0,1.0
220,2021-12-24,644.9,644.9,634.05,636.9,635.1188,63768,0.0,1.0
221,2021-12-23,641.0,644.2,638.15,640.65,638.8583,65523,0.0,1.0
222,2021-12-22,642.9,643.4,636.1,640.05,638.2599,68583,0.0,1.0
223,2021-12-21,640.9,643.9,633.1,639.05,637.2627,52911,0.0,1.0
224,2021-12-20,654.1,654.6,627.0,633.2,631.4291,209284,0.0,1.0
225,2021-12-17,669.0,669.0,654.0,656.65,654.8135,172994,0.0,1.0
226,2021-12-16,673.5,677.9,668.1,669.55,667.6774,56110,0.0,1.0
227,2021-12-15,670.0,675.15,665.15,673.5,671.6164,37366,0.0,1.0
228,2021-12-14,677.2,677.3,665.75,669.45,667.5777,106243,0.0,1.0
229,2021-12-13,684.6,688.15,673.35,674.7,672.813,55652,0.0,1.0
230,2021-12-10,683.0,686.0,680.5,684.6,682.6854,71777,0.0,1.0
231,2021-12-09,690.0,690.0,681.4,683.25,681.3391,59834,0.0,1.0
232,2021-12-08,697.7,698.0,684.25,686.65,684.7296,60016,0.0,1.0
233,2021-12-07,686.1,696.0,683.8,694.1,692.1588,54074,0.0,1.0
234,2021-12-06,694.75,694.75,682.85,684.85,682.9347,37432,0.0,1.0
235,2021-12-03,709.9,709.9,688.45,690.7,688.7683,42728,0.0,1.0
236,2021-12-02,693.1,706.5,693.1,705.1,703.128,98692,0.0,1.0
237,2021-12-01,682.55,695.75,678.9,694.0,692.0591,96676,0.0,1.0
238,2021-11-30,686.75,689.75,672.45,677.65,675.7548,57991,0.0,1.0
239,2021-11-29,664.1,685.8,658.6,683.5,681.5884,189882,0.0,1.0
240,2021-11-26,683.3,687.6,667.25,670.8,668.9239,131986,0.0,1.0
241,2021-11-25,689.55,694.3,685.5,689.05,687.1229,41490,0.0,1.0
242,2021-11-24,696.0,704.55,683.0,686.1,684.1812,80141,0.0,1.0
243,2021-11-23,686.05,699.55,686.05,695.65,693.7044,32995,0.0,1.0
244,2021-11-22,704.7,708.6,684.5,688.65,686.724,144322,0.0,1.0
245,2021-11-18,716.0,716.0,702.5,705.0,703.0283,32072,0.0,1.0
246,2021-11-17,714.0,722.5,708.25,711.0,709.0115,46793,0.0,1.0
247,2021-11-16,718.0,719.2,711.5,713.2,711.2054,56041,0.0,1.0
248,2021-11-15,725.0,725.0,711.6,714.6,712.6014,34207,0.0,1.0
249,2021-11-12,705.9,722.0,705.85,720.3,718.2855,188491,0.0,1.0
250,2021-11-11,704.95,705.85,700.65,702.55,700.5851,23548,0.0,1.0
251,2021-11-10,706.95,707.8,701.0,706.35,704.3745,25951,0.0,1.0
252,2021-11-09,707.5,709.05,699.2,705.75,703.7762,43427,0.0,1.0
253,2021-11-08,702.3,704.6,691.75,703.2,701.2333,105379,0.0,1.0
254,2021-11-03,695.0,698.6,685.85,691.45,689.5162,71233,0.0,1.0
255,2021-11-02,696.0,697.7,691.3,692.8,690.8624,35858,0.0,1.0
256,2021-11-01,681.95,693.5,681.0,689.0,687.073,40393,0.0,1.0
257,2021-10-29,684.95,688.85,675.3,680.4,678.4971,47239,0.0,1.0
258,2021-10-28,693.5,695.35,680.25,682.7,680.7907,48815,0.0,1.0
259,2021-10-27,690.0,699.9,688.85,693.5,691.5605,100731,0.0,1.0
260,2021-10-26,687.9,695.35,685.0,690.15,688.2198,46199,0.0,1.0
261,2021-10-25,691.0,691.95,676.65,683.2,681.2893,76026,0.0,1.0
262,2021-10-22,701.9,702.0,678.0,690.65,688.7184,198339,0.0,1.0
263,2021-10-21,707.0,711.15,691.65,694.9,692.9565,87603,0.0,1.0
264,2021-10-20,704.0,709.25,695.1,703.2,701.2333,918940,0.0,1.0
265,2021-10-19,709.9,709.9,698.85,703.3,701.3331,86410,0.0,1.0
266,2021-10-18,696.35,706.0,689.0,703.2,701.2333,1407354,0.0,1.0
267,2021-10-14,701.5,703.2,693.1,693.95,692.0092,92003,0.0,1.0
268,2021-10-13,705.0,710.0,700.1,700.9,698.9398,147873,0.0,1.0
269,2021-10-12,713.55,719.9,699.25,703.7,701.7319,71544,0.0,1.0
270,2021-10-11,723.0,724.75,715.2,717.05,715.0446,849974,0.0,1.0
271,2021-10-08,726.0,731.2,720.6,722.3,720.2799,25981,0.0,1.0
272,2021-10-07,728.0,732.0,719.6,724.9,722.8726,858185,0.0,1.0
273,2021-10-06,735.0,741.5,724.25,725.65,723.6205,51338,0.0,1.0
274,2021-10-05,725.0,735.8,722.25,732.9,730.8503,59604,0.0,1.0
275,2021-10-04,729.0,733.35,725.1,726.9,724.867,36923,0.0,1.0
276,2021-10-01,720.0,730.7,714.4,729.4,727.3601,88037,0.0,1.0
277,2021-09-30,740.0,740.0,720.8,722.6,720.5791,72592,0.0,1.0
278,2021-09-29,721.0,737.5,721.0,734.45,732.3959,46149,0.0,1.0
279,2021-09-28,720.1,733.0,720.1,725.4,723.3712,53168,0.0,1.0
280,2021-09-27,726.0,729.0,718.1,720.95,718.9337,114022,0.0,1.0
281,2021-09-24,729.9,731.5,720.8,725.9,723.8698,122110,0.0,1.0
282,2021-09-23,732.95,735.9,722.3,724.95,722.9225,813277,0.0,1.0
283,2021-09-22,736.0,739.8,731.05,732.95,730.9001,62205,0.0,1.0
284,2021-09-21,725.25,737.5,724.4,735.9,733.8419,103771,0.0,1.0
285,2021-09-20,740.0,746.75,726.65,730.55,728.5068,72217,0.0,1.0
286,2021-09-17,757.05,759.6,740.25,746.2,744.1131,95363,0.0,1.0
287,2021-09-16,749.0,756.3,743.45,754.95,752.8386,55543,0.0,1.0
288,2021-09-15,739.2,752.0,737.65,746.25,744.1629,141459,0.0,1.0
289,2021-09-14,736.1,743.8,736.1,739.2,737.1326,39663,0.0,1.0
290,2021-09-13,738.8,742.3,723.05,734.8,732.745,55096,0.0,1.0
291,2021-09-09,744.4,746.0,735.0,737.3,735.238,49765,0.0,1.0
292,2021-09-08,739.0,746.8,734.3,743.45,741.3708,179839,0.0,1.0
293,2021-09-07,739.9,743.2,730.95,734.3,732.2464,86676,0.0,1.0
294,2021-09-06,742.1,743.25,728.8,735.65,733.5926,327755,0.0,1.0
295,2021-09-03,742.0,747.85,728.55,734.45,732.3959,388659,0.0,1.0
296,2021-09-02,723.0,775.65,719.8,758.8,756.6778,1364064,0.0,1.0
297,2021-09-01,720.0,724.45,707.3,719.5,717.4877,72100,0.0,1.0
298,2021-08-31,713.9,719.5,704.25,717.7,715.6928,113835,0.0,1.0
299,2021-08-30,709.0,713.0,705.0,712.2,710.2082,142598,0.0,1.0
300,2021-08-27,700.0,706.85,698.85,703.8,701.8317,293608,0.0,1.0
301,2021-08-26,692.4,702.0,689.9,699.0,697.0451,184645,0.0,1.0
302,2021-08-25,672.0,692.15,672.0,687.35,685.4277,177863,0.0,1.0
303,2021-08-24,668.05,675.25,668.05,671.0,669.1234,49401,0.0,1.0
304,2021-08-23,670.0,672.65,662.7,668.55,666.6802,50286,0.0,1.0
305,2021-08-20,665.0,674.45,655.8,667.4,665.5335,183211,0.0,1.0
306,2021-08-18,669.4,675.2,669.0,671.35,669.4724,89123,0.0,1.0
307,2021-08-17,673.05,676.55,668.05,669.4,667.5279,39394,0.0,1.0
308,2021-08-16,667.3,675.4,665.55,673.4,671.5167,96384,0.0,1.0
309,2021-08-13,676.0,677.8,668.95,671.0,669.1234,44975,0.0,1.0
310,2021-08-12,664.05,675.85,664.05,674.9,673.0125,37440,0.0,1.0
311,2021-08-11,670.3,671.9,661.25,666.55,664.6858,126644,0.0,1.0
312,2021-08-10,672.0,674.45,663.7,670.3,668.4253,133885,0.0,1.0
313,2021-08-09,674.0,677.8,666.05,667.35,665.4836,53122,0.0,1.0
314,2021-08-06,669.0,675.25,669.0,673.3,671.417,92751,0.0,1.0
315,2021-08-05,676.0,676.75,668.2,670.15,668.2758,82378,0.0,1.0
316,2021-08-04,676.0,679.45,672.4,675.25,673.3615,151764,0.0,1.0
317,2021-08-03,674.0,674.85,667.0,673.85,671.9654,50177,0.0,1.0
318,2021-08-02,665.25,671.35,665.25,670.25,668.3755,110171,0.0,1.0
319,2021-07-30,669.0,672.15,661.25,664.1,662.2427,54817,0.0,1.0
320,2021-07-29,667.5,668.5,661.0,662.55,660.697,57604,0.0,1.0
321,2021-07-28,672.0,672.85,661.2,664.8,662.9407,101538,0.0,1.0
322,2021-07-27,665.5,674.6,663.3,668.85,666.9794,78659,0.0,1.0
323,2021-07-26,660.35,665.5,660.15,663.1,661.2455,489643,0.0,1.0
324,2021-07-23,662.7,667.9,661.8,665.45,663.5889,125373,0.0,1.0
325,2021-07-22,664.1,669.45,661.2,662.25,660.3979,163749,0.0,1.0
326,2021-07-20,678.0,681.7,662.0,663.6,661.7441,130323,0.0,1.0
327,2021-07-19,697.0,697.0,677.15,678.6,676.7021,421155,0.0,1.0
328,2021-07-16,694.1,702.0,692.0,697.95,695.998,167082,0.0,1.0
329,2021-07-15,691.5,699.65,688.75,693.8,691.8596,216021,0.0,1.0
330,2021-07-14,695.0,696.6,687.6,688.4,686.4747,136334,0.0,1.0
331,2021-07-13,685.5,694.6,683.55,693.45,691.5106,70044,0.0,1.0
332,2021-07-12,684.0,686.3,680.2,682.7,680.7907,407160,0.0,1.0
333,2021-07-09,680.0,684.45,677.0,683.25,681.3391,277618,0.0,1.0
334,2021-07-08,685.95,689.3,678.35,681.25,679.3447,68944,0.0,1.0
335,2021-07-07,679.9,685.8,678.1,685.0,683.0842,56074,0.0,1.0
336,2021-07-06,679.35,686.1,676.0,679.9,677.9985,915757,0.0,1.0
337,2021-07-05,691.7,691.7,676.7,678.3,676.403,324652,0.0,1.0
338,2021-07-02,688.5,690.0,678.65,687.05,685.1285,183917,0.0,1.0
339,2021-07-01,689.95,692.5,683.0,685.8,683.882,118521,0.0,1.0
340,2021-06-30,691.9,695.9,685.05,686.4,684.4803,123261,2.02,1.0
341,2021-06-29,680.0,702.2,672.15,686.35,682.4161,110611297,0.0,1.0
342,2021-06-28,730.0,730.0,693.95,696.0,692.0108,216847,0.0,1.0
343,2021-06-25,724.0,731.25,718.7,725.55,721.3914,87951,0.0,1.0
344,2021-06-24,718.0,722.25,712.3,717.75,713.6361,82100,0.0,1.0
345,2021-06-23,722.9,723.55,716.95,717.55,713.4373,55190,0.0,1.0
346,2021-06-22,720.0,724.0,713.3,716.55,712.443,79530,0.0,1.0
347,2021-06-21,705.2,719.65,704.2,718.35,714.2327,325723,0.0,1.0
348,2021-06-18,700.0,710.9,693.0,709.2,705.1351,201899,0.0,1.0
349,2021-06-17,688.0,703.8,682.6,700.1,696.0873,121392,0.0,1.0
350,2021-06-16,694.1,697.9,690.0,691.95,687.984,219878,0.0,1.0
351,2021-06-15,682.0,694.0,680.85,692.7,688.7297,63099,0.0,1.0
352,2021-06-14,680.0,684.8,674.0,681.35,677.4448,120702,0.0,1.0
353,2021-06-11,689.5,690.0,681.65,682.6,678.6876,115773,0.0,1.0
354,2021-06-10,688.0,691.6,684.55,689.45,685.4983,62436,0.0,1.0
355,2021-06-09,697.9,697.9,681.35,684.65,680.7258,94395,0.0,1.0
356,2021-06-08,684.45,692.0,681.15,689.55,685.5978,314604,0.0,1.0
357,2021-06-07,684.85,684.85,675.1,680.5,676.5996,71420,0.0,1.0
358,2021-06-04,680.0,688.8,677.35,680.8,676.8979,237193,0.0,1.0
359,2021-06-03,680.0,683.0,676.55,678.6,674.7105,102183,0.0,1.0
360,2021-06-02,665.0,677.9,663.0,675.85,671.9763,724402,0.0,1.0
361,2021-06-01,667.15,671.0,664.0,665.45,661.6359,117293,0.0,1.0
362,2021-05-31,669.75,670.05,662.55,666.4,662.5805,68247,0.0,1.0
363,2021-05-28,666.9,674.2,662.7,668.65,664.8176,269372,0.0,1.0
364,2021-05-27,660.0,666.75,657.25,664.25,660.4428,162586,0.0,1.0
365,2021-05-26,663.8,666.3,657.2,658.55,654.7754,79305,0.0,1.0
366,2021-05-25,673.0,673.3,657.3,659.1,655.3223,199722,0.0,1.0
367,2021-05-24,671.7,673.0,667.5,670.4,666.5575,58709,0.0,1.0
368,2021-05-21,670.9,674.65,667.3,670.65,666.8061,125730,0.0,1.0
369,2021-05-20,669.0,678.9,666.15,667.6,663.7736,266180,0.0,1.0
370,2021-05-19,670.0,671.45,665.1,666.25,662.4313,97020,0.0,1.0
371,2021-05-18,670.0,672.85,666.0,667.05,663.2267,108555,0.0,1.0
372,2021-05-17,670.0,675.2,661.9,666.35,662.5307,1045484,0.0,1.0
373,2021-05-14,673.6,676.1,666.9,670.75,666.9055,47584,0.0,1.0
374,2021-05-12,671.55,673.05,665.15,668.75,664.917,178414,0.0,1.0
375,2021-05-11,679.35,681.4,670.0,671.55,667.7009,77985,0.0,1.0
376,2021-05-10,670.3,685.8,670.3,680.0,676.1025,297971,0.0,1.0
377,2021-05-07,672.5,680.2,671.5,673.25,669.3912,56734,0.0,1.0
378,2021-05-06,672.8,680.0,668.85,671.6,667.7506,48675,0.0,1.0
379,2021-05-05,670.3,675.7,667.0,674.05,670.1866,89412,0.0,1.0
380,2021-05-04,675.5,680.95,665.6,667.95,664.1216,195815,0.0,1.0
381,2021-05-03,659.5,674.45,657.0,672.0,668.1484,236510,0.0,1.0
382,2021-04-30,677.0,677.95,661.0,665.2,661.3873,105791,0.0,1.0
383,2021-04-29,675.25,681.25,672.2,674.55,670.6837,227443,0.0,1.0
384,2021-04-28,683.0,683.05,671.0,672.9,669.0432,168800,0.0,1.0
385,2021-04-27,710.0,719.0,677.1,678.6,674.7105,496631,0.0,1.0
386,2021-04-26,690.1,708.5,687.55,704.75,700.7106,231518,0.0,1.0
387,2021-04-23,678.0,691.4,676.75,687.45,683.5098,65964,0.0,1.0
388,2021-04-22,671.3,682.85,671.3,678.9,675.0088,225469,0.0,1.0
389,2021-04-20,671.4,688.95,670.25,685.35,681.4218,190650,0.0,1.0
390,2021-04-19,674.1,684.0,653.55,666.15,662.3319,213698,0.0,1.0
391,2021-04-16,695.9,701.3,689.05,690.95,686.9897,49708,0.0,1.0
392,2021-04-15,707.3,712.7,688.15,694.1,690.1217,82871,0.0,1.0
393,2021-04-13,682.0,710.45,682.0,705.9,701.8541,87004,0.0,1.0
394,2021-04-12,682.2,689.9,679.55,687.05,683.1121,231639,0.0,1.0
395,2021-04-09,705.0,705.0,690.4,695.55,691.5634,39401,0.0,1.0
396,2021-04-08,702.95,705.8,697.6,701.25,697.2307,179299,0.0,1.0
397,2021-04-07,702.0,704.95,695.15,699.9,695.8884,110239,0.0,1.0
398,2021-04-06,687.4,700.7,680.75,697.25,693.2536,51805,0.0,1.0
399,2021-04-05,698.95,698.95,676.4,682.0,678.091,63362,0.0,1.0
400,2021-04-01,700.0,704.0,682.5,690.8,686.8406,79922,0.0,1.0
401,2021-03-31,689.95,697.8,681.4,695.75,691.7622,59067,0.0,1.0
402,2021-03-30,674.7,691.0,674.7,687.7,683.7584,73981,0.0,1.0
403,2021-03-26,670.55,676.45,666.6,671.6,667.7506,117769,0.0,1.0
404,2021-03-25,676.95,677.0,662.3,667.85,664.0221,211875,0.0,1.0
405,2021-03-24,680.0,686.55,675.3,676.95,673.07,109258,0.0,1.0
406,2021-03-23,682.5,689.35,680.75,683.7,679.7813,102527,0.0,1.0
407,2021-03-22,686.0,694.5,678.0,680.4,676.5002,388302,0.0,1.0
408,2021-03-19,680.0,690.35,674.0,688.45,684.5041,115169,0.0,1.0
409,2021-03-18,695.0,700.0,675.0,680.55,676.6493,78605,0.0,1.0
410,2021-03-17,703.0,706.1,687.55,689.2,685.2498,118549,0.0,1.0
411,2021-03-16,707.0,710.35,701.1,703.15,699.1198,75528,0.0,1.0
412,2021-03-15,711.2,715.0,695.35,704.05,700.0147,169744,0.0,1.0
413,2021-03-12,744.75,744.75,709.55,710.8,706.726,128839,0.0,1.0
414,2021-03-10,743.75,745.65,725.25,731.3,727.1085,60078,0.0,1.0
415,2021-03-09,734.0,746.0,732.35,739.8,735.5598,310372,0.0,1.0
416,2021-03-08,724.7,736.95,714.85,724.0,719.8503,81124,0.0,1.0
417,2021-03-05,720.25,727.0,711.75,717.15,713.0396,43086,0.0,1.0
418,2021-03-04,718.0,728.25,713.75,719.65,715.5252,261300,0.0,1.0
419,2021-03-03,721.0,731.15,721.0,727.15,722.9823,64761,0.0,1.0
420,2021-03-02,716.95,727.2,706.55,720.45,716.3207,46774,0.0,1.0
421,2021-03-01,710.0,713.45,700.3,705.05,701.0089,123936,0.0,1.0
422,2021-02-26,725.0,732.6,694.1,701.4,697.3798,263881,0.0,1.0
423,2021-02-25,722.5,744.0,720.0,733.6,729.3953,603380,0.0,1.0
424,2021-02-24,706.15,721.65,683.6,719.25,715.1275,629322,0.0,1.0
425,2021-02-23,692.95,712.75,690.6,705.85,701.8043,76919,0.0,1.0
426,2021-02-22,710.65,713.45,688.3,690.15,686.1943,72043,0.0,1.0
427,2021-02-19,717.7,723.25,703.7,710.1,706.03,125598,0.0,1.0
428,2021-02-18,704.0,716.0,701.9,713.45,709.3608,142922,0.0,1.0
429,2021-02-17,697.9,711.6,695.35,703.2,699.1695,90385,0.0,1.0
430,2021-02-16,701.9,704.0,687.0,695.25,691.2651,65855,0.0,1.0
431,2021-02-15,712.35,717.2,694.2,695.15,691.1657,164187,0.0,1.0
432,2021-02-12,714.0,720.0,709.0,711.1,707.0242,61149,0.0,1.0
433,2021-02-11,720.05,726.05,710.1,713.6,709.5099,157832,0.0,1.0
434,2021-02-10,710.0,723.85,710.0,719.35,715.227,274527,0.0,1.0
435,2021-02-09,690.45,710.0,688.1,704.45,700.4124,196314,0.0,1.0
436,2021-02-08,683.05,691.4,677.6,684.05,680.1293,133605,0.0,1.0
437,2021-02-05,681.0,684.95,672.35,681.35,677.4448,134755,0.0,1.0
438,2021-02-04,687.8,690.9,678.3,680.8,676.8979,359613,0.0,1.0
439,2021-02-03,685.9,695.0,679.35,688.0,684.0566,118233,0.0,1.0
440,2021-02-02,708.7,711.9,675.0,680.8,676.8979,449092,0.0,1.0
441,2021-02-01,677.85,713.0,668.5,699.05,695.0433,251455,0.0,1.0
442,2021-01-29,678.95,684.75,668.4,677.8,673.9151,530374,0.0,1.0
443,2021-01-28,680.0,683.2,670.35,671.4,667.5518,287433,0.0,1.0
444,2021-01-27,686.0,695.0,673.25,682.3,678.3893,82881,0.0,1.0
445,2021-01-25,696.0,698.65,666.0,680.4,676.5002,182268,0.0,1.0
446,2021-01-22,702.5,708.3,684.25,687.65,683.7087,169948,0.0,1.0
447,2021-01-21,712.0,712.0,698.75,700.65,696.6341,55606,0.0,1.0
448,2021-01-20,704.0,711.6,699.55,702.8,698.7718,85334,0.0,1.0
449,2021-01-19,700.0,701.6,694.0,698.05,694.049,49853,0.0,1.0
450,2021-01-18,700.4,709.0,689.15,693.6,689.6246,189409,0.0,1.0
451,2021-01-15,706.9,717.0,701.85,704.9,700.8598,135102,0.0,1.0
452,2021-01-14,711.0,718.0,702.6,706.9,702.8483,301625,0.0,1.0
453,2021-01-13,722.8,724.7,708.6,713.25,709.1619,128497,0.0,1.0
454,2021-01-12,728.0,728.0,714.5,718.8,714.6801,81007,0.0,1.0
455,2021-01-11,721.0,731.0,716.0,725.1,720.944,141701,0.0,1.0
456,2021-01-08,712.2,722.0,708.05,716.75,712.6419,179791,0.0,1.0
457,2021-01-07,721.95,723.5,702.8,704.35,700.3129,101539,0.0,1.0
458,2021-01-06,717.0,720.25,705.25,718.6,714.4813,113607,0.0,1.0
459,2021-01-05,692.65,715.0,690.4,713.5,709.4105,376746,0.0,1.0
460,2021-01-04,682.0,697.45,680.75,695.9,691.9114,145332,0.0,1.0
461,2021-01-01,679.0,680.0,675.45,678.2,674.3128,48732,0.0,1.0
462,2020-12-31,676.8,679.2,669.85,676.3,672.4237,120735,0.0,1.0
463,2020-12-30,680.0,680.0,667.1,675.8,671.9266,71341,0.0,1.0
464,2020-12-29,684.4,686.0,670.0,673.1,669.242,122326,0.0,1.0
465,2020-12-28,662.95,679.8,657.3,678.5,674.6111,405831,0.0,1.0
466,2020-12-24,653.2,663.45,650.0,657.25,653.4829,127546,0.0,1.0
467,2020-12-23,641.0,649.55,634.05,648.35,644.6339,141673,0.0,1.0
468,2020-12-22,629.2,643.05,620.75,641.3,637.6243,101582,0.0,1.0
469,2020-12-21,652.45,653.0,617.25,629.1,625.4942,126009,0.0,1.0
470,2020-12-18,657.0,657.1,639.9,654.05,650.3012,65225,0.0,1.0
471,2020-12-17,650.0,660.95,650.0,654.5,650.7487,229590,0.0,1.0
472,2020-12-16,655.0,655.0,647.3,648.7,644.9819,64704,0.0,1.0
473,2020-12-15,662.0,664.0,645.05,651.2,647.4676,85670,0.0,1.0
474,2020-12-14,666.0,668.05,653.3,655.65,651.8921,67158,0.0,1.0
475,2020-12-11,663.15,668.0,655.1,664.45,660.6416,269597,0.0,1.0
476,2020-12-10,656.9,661.0,646.0,659.5,655.72,110541,0.0,1.0
477,2020-12-09,654.75,656.15,645.3,652.45,648.7104,89984,0.0,1.0
478,2020-12-08,652.1,657.75,643.8,651.4,647.6664,795989,0.0,1.0
479,2020-12-07,645.8,651.15,642.3,649.6,645.8767,281895,0.0,1.0
480,2020-12-04,651.05,655.15,640.1,643.35,639.6626,122125,0.0,1.0
481,2020-12-03,626.0,650.95,617.55,647.75,644.0373,38672406,0.0,1.0
482,2020-12-02,643.0,646.65,630.15,636.7,633.0507,320555,0.0,1.0
483,2020-12-01,650.0,655.0,639.5,642.0,638.3203,208788,0.0,1.0
484,2020-11-27,663.5,663.5,642.4,647.65,643.9379,190272,0.0,1.0
485,2020-11-26,669.75,674.95,658.0,660.7,656.9131,213538,0.0,1.0
486,2020-11-25,671.5,688.35,662.3,665.65,661.8347,273793,0.0,1.0
487,2020-11-24,666.6,666.6,651.3,664.1,660.2936,65266,0.0,1.0
488,2020-11-23,668.95,674.1,656.2,661.2,657.4103,94032,0.0,1.0
489,2020-11-20,646.1,668.4,646.1,663.8,659.9954,200371,0.0,1.0
490,2020-11-19,662.8,670.35,642.75,646.05,642.3471,202409,0.0,1.0
491,2020-11-18,677.5,677.5,661.1,665.1,661.2879,252832,0.0,1.0
492,2020-11-17,636.5,673.75,635.4,670.05,666.2095,493874,0.0,1.0
493,2020-11-13,630.25,630.25,618.0,625.8,622.2132,342182,0.0,1.0
494,2020-11-12,622.3,633.0,618.5,630.25,626.6376,116420,0.0,1.0
495,2020-11-11,616.0,626.5,614.25,623.35,619.7772,176878,0.0,1.0
496,2020-11-10,594.05,614.7,590.15,609.5,606.0066,332333,0.0,1.0
497,2020-11-09,597.8,598.85,587.75,592.9,589.5017,281545,0.0,1.0
498,2020-11-06,594.0,598.55,589.0,590.7,587.3143,97840,0.0,1.0
499,2020-11-05,598.95,602.5,590.05,592.25,588.8555,109408,0.0,1.0
500,2020-11-04,591.9,603.8,591.9,594.4,590.9931,57279,0.0,1.0
501,2020-11-03,590.2,601.8,590.2,598.7,595.2685,86769,0.0,1.0
502,2020-11-02,591.8,593.8,585.35,587.15,583.7847,147274,0.0,1.0
503,2020-10-30,588.6,598.0,584.0,589.9,586.5189,179004,0.0,1.0
504,2020-10-29,579.25,587.95,579.25,586.15,582.7904,115174,0.0,1.0
505,2020-10-28,590.55,594.8,584.0,586.4,583.039,471926,0.0,1.0
506,2020-10-27,582.2,591.2,580.0,587.35,583.9835,259513,0.0,1.0
507,2020-10-26,567.9,582.9,563.9,580.4,577.0734,156630,0.0,1.0
508,2020-10-23,565.0,580.6,560.0,564.05,560.8171,5323688,0.0,1.0
509,2020-10-22,563.0,566.9,558.5,561.0,557.7846,102999,0.0,1.0
510,2020-10-21,577.0,577.4,556.35,563.0,559.7731,71063,0.0,1.0
511,2020-10-20,573.95,580.65,567.05,570.85,567.5781,482639,0.0,1.0
512,2020-10-19,565.0,574.25,564.6,570.65,567.3793,138336,0.0,1.0
513,2020-10-16,562.8,566.2,559.55,561.45,558.232,81297,0.0,1.0
514,2020-10-15,574.95,574.95,560.0,561.5,558.2817,94436,0.0,1.0
515,2020-10-14,569.4,574.35,558.5,572.4,569.1192,55832,0.0,1.0
516,2020-10-13,564.5,571.9,560.05,566.45,563.2033,123921,0.0,1.0
517,2020-10-12,577.9,577.9,560.5,563.4,560.1708,79905,0.0,1.0
518,2020-10-09,587.0,588.4,568.75,573.05,569.7655,147189,0.0,1.0
519,2020-10-08,586.0,587.0,577.2,582.95,579.6088,1491202,0.0,1.0
520,2020-10-07,584.15,587.45,575.2,579.05,575.7311,85319,0.0,1.0
521,2020-10-06,578.85,585.8,575.3,582.85,579.5093,96508,0.0,1.0
522,2020-10-05,575.0,577.35,565.35,575.1,571.8037,99919,0.0,1.0
523,2020-10-01,565.0,571.9,561.85,569.4,566.1364,77223,0.0,1.0
524,2020-09-30,574.0,574.0,556.25,561.2,557.9834,107952,0.0,1.0
525,2020-09-29,585.0,585.3,564.35,572.15,568.8707,87286,0.0,1.0
526,2020-09-28,577.5,583.0,577.5,581.3,577.9682,29682,0.0,1.0
527,2020-09-25,573.0,580.0,571.8,577.25,573.9414,54493,0.0,1.0
528,2020-09-24,574.1,580.65,573.0,577.65,574.3391,32291,0.0,1.0
529,2020-09-23,602.0,602.0,576.15,580.0,576.6757,24462,0.0,1.0
530,2020-09-22,574.0,587.0,566.25,579.15,575.8305,52607,0.0,1.0
531,2020-09-21,586.5,589.65,577.2,579.15,575.8305,103462,0.0,1.0
532,2020-09-18,592.7,595.0,583.5,585.1,581.7464,84795,0.0,1.0
533,2020-09-17,594.4,597.1,588.6,592.65,589.2532,26617,0.0,1.0
534,2020-09-16,595.05,604.95,593.45,598.55,595.1193,36416,0.0,1.0
535,2020-09-15,600.05,600.75,591.1,594.15,590.7446,47879,0.0,1.0
536,2020-09-14,613.6,613.6,595.25,599.35,595.9148,61412,0.0,1.0
537,2020-09-11,610.0,612.5,602.0,604.5,601.0352,131443,0.0,1.0
538,2020-09-10,590.0,603.0,588.0,601.4,597.953,120015,0.0,1.0
539,2020-09-09,587.9,592.6,583.1,585.65,582.2933,100607,0.0,1.0
540,2020-09-08,593.05,594.6,579.25,581.55,578.2168,102137,0.0,1.0
541,2020-09-07,575.2,594.0,570.9,592.25,588.8555,247770,0.0,1.0
542,2020-09-04,570.0,580.7,569.05,574.85,571.5552,117913,0.0,1.0
543,2020-09-03,583.5,589.0,580.0,582.65,579.3105,52966,0.0,1.0
544,2020-09-02,580.6,589.8,577.2,580.75,577.4214,96714,0.0,1.0
545,2020-09-01,579.8,585.9,570.0,579.95,576.6259,123732,0.0,1.0
546,2020-08-31,593.7,594.0,567.1,574.95,571.6546,270455,0.0,1.0
547,2020-08-28,598.1,603.4,588.6,589.45,586.0715,174032,0.0,1.0
548,2020-08-27,597.0,599.8,591.75,596.3,592.8822,113819,0.0,1.0
549,2020-08-26,600.0,603.9,588.85,591.75,588.3583,87088,0.0,1.0
550,2020-08-25,598.55,603.9,593.35,599.8,596.3622,52081,0.0,1.0
551,2020-08-24,598.25,605.35,597.3,598.55,595.1193,114874,0.0,1.0
552,2020-08-21,597.2,608.5,596.15,598.1,594.6719,122103,0.0,1.0
553,2020-08-20,600.0,600.0,590.1,595.45,592.0371,47248,0.0,1.0
554,2020-08-19,600.9,607.6,595.65,603.25,599.7924,130050,0.0,1.0
555,2020-08-18,592.45,600.6,588.95,597.65,594.2245,102593,0.0,1.0
556,2020-08-17,589.0,594.1,585.9,589.5,586.1212,70112,0.0,1.0
557,2020-08-14,600.0,602.45,585.75,587.8,584.431,105262,0.0,1.0
558,2020-08-13,608.5,613.5,598.1,599.65,596.213,66999,0.0,1.0
559,2020-08-12,610.7,617.6,603.35,608.45,604.9626,90765,0.0,1.0
560,2020-08-11,613.5,614.0,605.85,608.5,605.0123,52786,0.0,1.0
561,2020-08-10,611.0,617.45,607.05,608.8,605.3106,106385,0.0,1.0
562,2020-08-07,608.25,613.55,605.3,607.05,603.5706,68978,0.0,1.0
563,2020-08-06,610.0,611.45,602.5,607.35,603.8689,92445,0.0,1.0
564,2020-08-05,618.0,618.3,603.6,604.9,601.4329,86580,0.0,1.0
565,2020-08-04,606.0,615.6,601.1,614.25,610.7294,101930,0.0,1.0
566,2020-08-03,621.1,626.05,600.55,602.8,599.345,179844,0.0,1.0
567,2020-07-31,629.8,637.65,619.1,627.2,623.6051,279111,0.0,1.0
568,2020-07-30,642.0,645.0,624.0,634.95,631.3107,174021,0.0,1.0
569,2020-07-29,642.8,642.8,629.0,637.5,633.8461,127264,0.0,1.0
570,2020-07-28,635.0,647.5,633.6,640.55,636.8786,666808,0.0,1.0
571,2020-07-27,620.0,637.0,612.85,633.6,629.9684,276159,0.0,1.0
572,2020-07-24,617.0,624.5,616.0,622.45,618.8824,72310,0.0,1.0
573,2020-07-23,609.7,623.55,609.7,622.35,618.7829,176569,0.0,1.0
574,2020-07-22,629.95,630.0,606.0,609.7,606.2054,201605,0.0,1.0
575,2020-07-21,623.8,632.5,601.5,627.0,623.4063,474367,0.0,1.0
576,2020-07-20,620.1,628.0,612.3,617.15,613.6127,228773,0.0,1.0
577,2020-07-17,600.1,616.0,600.1,614.75,611.2265,186843,0.0,1.0
578,2020-07-16,598.9,603.6,589.4,600.0,596.561,76202,0.0,1.0
579,2020-07-15,600.05,604.3,593.0,594.45,591.0428,82483,0.0,1.0
580,2020-07-14,602.7,609.0,592.75,598.0,594.5725,193558,0.0,1.0
581,2020-07-13,595.0,604.0,584.05,600.3,596.8593,131430,0.0,1.0
582,2020-07-10,584.0,600.0,584.0,592.25,588.8555,203106,0.0,1.0
583,2020-07-09,587.0,589.9,583.0,585.35,581.995,82866,0.0,1.0
584,2020-07-08,586.0,597.0,578.15,581.2,577.8688,163357,0.0,1.0
585,2020-07-07,586.55,591.1,572.15,582.4,579.0619,205243,0.0,1.0
586,2020-07-06,576.6,591.9,576.3,584.8,581.4482,191496,0.0,1.0
587,2020-07-03,565.0,589.65,558.6,572.15,568.8707,671604,0.0,1.0
588,2020-07-02,549.9,553.4,545.7,547.95,544.8094,69124,0.0,1.0
589,2020-07-01,554.0,560.0,545.85,549.3,546.1516,184763,0.0,1.0
590,2020-06-30,541.8,554.55,540.05,549.15,546.0025,157558,0.0,1.0
591,2020-06-29,544.45,544.45,532.6,536.75,533.6736,112384,0.0,1.0
592,2020-06-26,539.0,547.4,535.0,541.9,538.794,210543,0.0,1.0
593,2020-06-25,524.5,539.6,521.0,538.4,535.3141,136547,0.0,1.0
594,2020-06-24,543.0,545.7,523.8,527.05,524.0292,135109,0.0,1.0
595,2020-06-23,523.0,544.4,520.8,537.0,533.9221,222896,0.0,1.0
596,2020-06-22,524.95,525.55,514.7,519.65,516.6716,65319,0.0,1.0
597,2020-06-19,518.0,523.9,514.7,520.95,517.9641,106663,0.0,1.0
598,2020-06-18,498.1,517.9,498.1,515.7,512.7442,256638,0.0,1.0
599,2020-06-17,506.2,508.25,498.8,500.5,497.6313,66979,0.0,1.0
600,2020-06-16,504.8,510.6,497.1,505.65,502.7518,117132,0.0,1.0
601,2020-06-15,508.0,508.0,495.4,499.85,496.9851,121393,0.0,1.0
602,2020-06-12,491.0,504.0,486.95,501.85,498.9736,175228,0.0,1.0
603,2020-06-11,502.0,509.5,497.1,501.65,498.7747,92695,0.0,1.0
604,2020-06-10,506.25,507.9,499.1,501.35,498.4765,121645,0.0,1.0
605,2020-06-09,525.0,530.35,501.75,506.35,503.4478,326944,0.0,1.0
606,2020-06-08,518.0,529.45,516.1,522.3,519.3064,356576,0.0,1.0
607,2020-06-05,519.4,520.2,512.0,516.3,513.3408,113673,0.0,1.0
608,2020-06-04,520.15,525.0,512.1,517.5,514.5339,40342246,0.0,1.0
609,2020-06-03,502.9,519.7,490.0,501.4,498.5262,28623789,0.0,1.0
610,2020-06-02,515.0,522.0,497.35,499.55,496.6868,189106,0.0,1.0
611,2020-06-01,522.8,528.6,513.7,515.8,512.8436,128829,0.0,1.0
612,2020-05-29,514.6,540.3,511.0,523.1,520.1018,221991,0.0,1.0
613,2020-05-28,508.95,523.15,502.0,516.8,513.8379,95657,0.0,1.0
614,2020-05-27,508.0,509.9,495.25,503.55,500.6638,58421,0.0,1.0
615,2020-05-26,499.0,514.6,497.1,507.0,504.0941,127528,0.0,1.0
616,2020-05-22,492.45,504.7,490.45,494.4,491.5663,116192,0.0,1.0
617,2020-05-21,484.0,496.8,481.05,494.2,491.3674,68500,0.0,1.0
618,2020-05-20,474.0,482.5,472.0,478.7,475.9563,51950,0.0,1.0
619,2020-05-19,475.0,485.85,465.5,474.15,471.4324,128595,0.0,1.0
620,2020-05-18,487.3,490.7,464.4,468.75,466.0633,122336,0.0,1.0
621,2020-05-15,497.0,500.6,485.0,487.65,484.855,72769,0.0,1.0
622,2020-05-14,516.85,522.95,491.7,494.9,492.0634,159884,0.0,1.0
623,2020-05-13,533.45,538.75,515.1,516.85,513.8876,102023,0.0,1.0
624,2020-05-12,521.0,536.25,516.6,526.4,523.3829,132018,0.0,1.0
625,2020-05-11,535.0,538.75,522.8,525.2,522.1898,181070,0.0,1.0
626,2020-05-08,502.0,527.25,499.9,519.9,516.9201,368675,0.0,1.0
627,2020-05-07,489.1,501.85,488.15,494.25,491.4171,211478,0.0,1.0
628,2020-05-06,479.0,498.8,469.6,490.95,488.1361,142083,0.0,1.0
629,2020-05-05,481.1,489.55,475.0,477.9,475.1609,76941,0.0,1.0
630,2020-05-04,494.9,494.9,472.25,479.1,476.354,99413,0.0,1.0
631,2020-04-30,496.7,510.45,493.4,500.9,498.029,146037,0.0,1.0
632,2020-04-29,491.8,505.0,484.4,492.65,489.8263,2166137,0.0,1.0
633,2020-04-28,496.15,496.15,471.2,486.45,483.6619,159717,0.0,1.0
634,2020-04-27,457.65,491.55,457.65,484.8,482.0213,234247,0.0,1.0
635,2020-04-24,481.1,481.1,451.25,453.75,451.1493,184159,0.0,1.0
636,2020-04-23,509.0,511.65,486.15,488.2,485.4018,108481,0.0,1.0
637,2020-04-22,496.0,508.45,490.8,503.75,500.8627,92923,0.0,1.0
638,2020-04-21,496.0,502.45,488.7,495.75,492.9086,100220,0.0,1.0
639,2020-04-20,503.0,515.1,496.25,508.25,505.3369,103679,0.0,1.0
640,2020-04-17,501.55,518.7,491.15,494.7,491.8646,235304,0.0,1.0
641,2020-04-16,468.1,494.25,462.4,490.1,487.2909,124494,0.0,1.0
642,2020-04-15,480.0,488.1,468.55,470.7,468.0021,130775,0.0,1.0
643,2020-04-13,475.0,484.75,453.4,477.3,474.5643,191230,0.0,1.0
644,2020-04-09,483.0,494.5,464.45,471.35,468.6484,180141,0.0,1.0
645,2020-04-08,467.75,500.35,458.3,476.15,473.4209,287895,0.0,1.0
646,2020-04-07,439.0,475.5,434.2,470.35,467.6541,238706,0.0,1.0
647,2020-04-03,429.0,441.6,416.3,422.25,419.8298,404686,0.0,1.0
648,2020-04-01,439.0,447.0,424.25,429.65,427.1874,144158,0.0,1.0
649,2020-03-31,429.8,448.0,414.75,441.6,439.0689,174037,0.0,1.0
650,2020-03-30,432.0,443.5,404.0,411.6,409.2409,196755,0.0,1.0
651,2020-03-27,455.0,483.9,440.05,440.85,438.3232,54562520,0.0,1.0
652,2020-03-26,445.0,498.2,434.65,477.3,474.5643,333974,0.0,1.0
653,2020-03-25,391.9,440.85,384.8,433.75,431.2639,269575,0.0,1.0
654,2020-03-24,362.0,410.2,346.0,391.9,389.6538,308503,0.0,1.0
655,2020-03-23,385.0,394.0,339.15,342.55,340.5866,279001,0.0,1.0
656,2020-03-20,423.05,442.0,411.6,419.15,416.7476,447000,0.0,1.0
657,2020-03-19,389.0,433.05,384.4,416.0,413.6156,481531,0.0,1.0
658,2020-03-18,465.2,470.4,408.65,419.1,416.6979,393022,0.0,1.0
659,2020-03-17,475.0,486.0,459.9,463.9,461.2411,157253,0.0,1.0
660,2020-03-16,497.9,500.15,471.1,473.95,471.2335,264933,0.0,1.0
661,2020-03-13,436.9,525.0,430.25,511.9,508.966,485936,0.0,1.0
662,2020-03-12,498.0,498.0,453.25,472.45,469.7421,253315,0.0,1.0
663,2020-03-11,516.8,525.55,508.0,513.8,510.8551,118074,0.0,1.0
664,2020-03-09,540.0,540.1,506.1,517.5,514.5339,183303,0.0,1.0
665,2020-03-06,543.8,556.45,535.0,548.0,544.8591,153285,0.0,1.0
666,2020-03-05,571.0,572.2,557.0,564.4,561.1651,98134,0.0,1.0
667,2020-03-04,566.0,570.0,560.0,568.55,565.2913,87748,0.0,1.0
668,2020-03-03,559.95,572.7,559.55,562.9,559.6737,127542,0.0,1.0
669,2020-03-02,553.0,564.0,550.6,554.3,551.123,133705,0.0,1.0
670,2020-02-28,555.0,565.0,541.65,544.0,540.882,198344,0.0,1.0
671,2020-02-27,559.9,569.35,544.05,566.65,563.4022,167490,0.0,1.0
672,2020-02-26,566.95,571.5,555.0,557.65,554.4538,94906,0.0,1.0
673,2020-02-25,571.0,582.0,566.25,570.25,566.9815,144476,0.0,1.0
674,2020-02-24,572.95,578.45,556.0,560.8,557.5857,82266,0.0,1.0
675,2020-02-20,582.9,583.5,572.1,573.75,570.4615,1164272,0.0,1.0
676,2020-02-19,564.0,581.9,562.55,579.15,575.8305,88114,0.0,1.0
677,2020-02-18,564.1,565.1,556.1,562.6,559.3754,59105,0.0,1.0
678,2020-02-17,576.5,576.5,564.45,565.95,562.7062,64231,0.0,1.0
679,2020-02-14,578.95,581.25,572.2,573.9,570.6106,57592,0.0,1.0
680,2020-02-13,578.0,582.0,568.75,576.95,573.6431,84995,0.0,1.0
681,2020-02-12,584.95,594.3,564.0,578.35,575.0351,166393,0.0,1.0
682,2020-02-11,590.95,594.45,576.0,583.6,580.255,58478,0.0,1.0
683,2020-02-10,597.6,598.9,584.7,587.4,584.0332,56953,0.0,1.0
684,2020-02-07,593.0,599.95,588.7,595.6,592.1862,69408,0.0,1.0
685,2020-02-06,586.0,598.35,586.0,593.3,589.8994,82129,0.0,1.0
686,2020-02-05,574.0,586.1,565.05,583.45,580.1059,120515,0.0,1.0
687,2020-02-04,567.0,578.6,556.5,573.25,569.9644,242186,0.0,1.0
688,2020-02-03,545.0,572.95,527.6,565.55,562.3085,589001,0.0,1.0
689,2020-01-31,603.7,604.65,597.5,599.1,595.6662,53884,0.0,1.0
690,2020-01-30,605.55,610.0,597.55,600.15,596.7102,49302,0.0,1.0
691,2020-01-29,606.0,610.95,602.5,604.95,601.4827,58767,0.0,1.0
692,2020-01-28,602.0,611.7,600.0,603.75,600.2895,103956,0.0,1.0
693,2020-01-27,606.0,606.0,598.5,599.6,596.1633,74762,0.0,1.0
694,2020-01-24,610.0,611.0,603.0,607.0,603.5209,98008,0.0,1.0
695,2020-01-23,614.85,621.95,612.05,615.75,612.2208,98045,0.0,1.0
696,2020-01-22,604.95,616.4,602.55,612.75,609.238,146950,0.0,1.0
697,2020-01-21,595.0,609.8,594.8,601.8,598.3507,576689,0.0,1.0
698,2020-01-20,619.0,619.0,597.0,598.2,594.7713,188753,0.0,1.0
699,2020-01-17,608.9,611.4,601.85,607.6,604.1175,141278,0.0,1.0
700,2020-01-16,644.0,644.0,605.0,607.2,603.7198,434326,0.0,1.0
701,2020-01-15,614.1,634.0,612.8,616.5,612.9665,132839,0.0,1.0
702,2020-01-14,626.05,626.55,612.5,614.1,610.5802,84418,0.0,1.0
703,2020-01-13,626.4,632.95,623.95,625.3,621.716,62838,0.0,1.0
704,2020-01-10,632.4,634.0,618.95,623.0,619.4292,94238,0.0,1.0
705,2020-01-09,633.55,636.7,628.0,631.35,627.7313,62938,0.0,1.0
706,2020-01-08,624.0,631.75,618.85,628.55,624.9474,89143,0.0,1.0
707,2020-01-07,623.0,643.5,623.0,629.75,626.1405,139985,0.0,1.0
708,2020-01-06,629.7,629.7,611.75,619.25,615.7007,259377,0.0,1.0
709,2020-01-03,632.85,637.4,627.05,631.35,627.7313,70122,0.0,1.0
710,2020-01-02,623.7,638.5,619.0,633.85,630.217,92807,0.0,1.0
711,2020-01-01,623.85,626.0,616.5,621.1,617.5401,103830,0.0,1.0
712,2019-12-31,638.65,645.5,621.0,625.9,622.3126,116902,0.0,1.0
713,2019-12-30,633.85,638.9,629.1,636.5,632.8518,179494,0.0,1.0
714,2019-12-27,638.5,639.2,629.05,631.2,627.5822,127079,0.0,1.0
715,2019-12-26,627.8,638.8,622.95,635.55,631.9073,168635,0.0,1.0
716,2019-12-24,617.0,627.75,613.6,625.55,621.9646,147044,0.0,1.0
717,2019-12-23,606.0,620.65,606.0,615.85,612.3202,123374,0.0,1.0
718,2019-12-20,605.0,616.2,603.05,613.9,610.3814,484009,0.0,1.0
719,2019-12-19,602.0,609.35,599.1,604.95,601.4827,331218,0.0,1.0
720,2019-12-18,599.9,604.5,588.15,601.3,597.8536,172132,0.0,1.0
721,2019-12-17,594.75,599.6,586.4,595.45,592.0371,89312,0.0,1.0
722,2019-12-16,588.95,595.0,587.2,592.0,588.6069,60645,0.0,1.0
723,2019-12-13,585.0,595.0,585.0,588.5,585.1269,117880,0.0,1.0
724,2019-12-12,577.95,585.25,571.3,582.95,579.6088,98230,0.0,1.0
725,2019-12-11,572.0,575.0,565.7,572.6,569.3181,91887,0.0,1.0
726,2019-12-10,578.95,586.65,569.0,570.8,567.5284,464248,0.0,1.0
727,2019-12-09,575.0,576.55,570.1,572.45,569.1689,55075,0.0,1.0
728,2019-12-06,577.0,579.55,571.4,575.0,571.7043,59900,0.0,1.0
729,2019-12-05,584.9,585.0,575.05,575.8,572.4997,57367,0.0,1.0
730,2019-12-04,584.9,588.0,577.5,583.35,580.0065,89049,0.0,1.0
731,2019-12-03,572.95,586.6,572.05,584.85,581.4979,148031,0.0,1.0
732,2019-12-02,571.5,578.8,566.1,569.65,566.385,92591,0.0,1.0
733,2019-11-29,578.4,583.1,570.0,571.55,568.2741,115078,0.0,1.0
734,2019-11-28,587.8,589.0,575.05,576.2,572.8974,142621,0.0,1.0
735,2019-11-27,598.95,599.45,583.0,585.4,582.0447,108317,0.0,1.0
736,2019-11-26,599.5,607.15,592.0,597.75,594.3239,159569,0.0,1.0
737,2019-11-25,586.35,600.0,585.6,597.75,594.3239,170657,0.0,1.0
738,2019-11-22,591.0,593.6,580.8,586.0,582.6413,133299,0.0,1.0
739,2019-11-21,576.0,592.0,573.25,589.15,585.7732,203692,0.0,1.0
740,2019-11-20,571.9,579.5,568.65,574.55,571.2569,131557,0.0,1.0
741,2019-11-19,571.85,577.6,565.6,570.25,566.9815,159317,0.0,1.0
742,2019-11-18,575.0,575.0,567.4,570.55,567.2798,111941,0.0,1.0
743,2019-11-15,587.8,588.4,576.0,577.65,574.3391,126647,0.0,1.0
744,2019-11-14,592.0,595.1,581.75,586.15,582.7904,153732,0.0,1.0
745,2019-11-13,571.45,591.9,571.45,588.9,585.5247,315780,0.0,1.0
746,2019-11-11,569.15,583.8,565.15,570.9,567.6278,283957,0.0,1.0
747,2019-11-08,580.0,585.0,566.2,567.65,564.3964,295154,0.0,1.0
748,2019-11-07,588.9,589.85,576.35,580.05,576.7254,320472,0.0,1.0
749,2019-11-06,585.4,590.5,580.0,584.9,581.5476,233047,0.0,1.0
750,2019-11-05,596.0,602.55,580.2,583.5,580.1556,334788,0.0,1.0
751,2019-11-04,612.95,615.05,587.3,592.75,589.3526,595410,0.0,1.0
752,2019-11-01,625.0,635.9,608.3,612.1,608.5917,200450,0.0,1.0
753,2019-10-31,636.9,646.4,622.15,625.9,622.3126,327805,0.0,1.0
754,2019-10-30,583.55,643.5,575.0,632.45,628.825,108585797,0.0,1.0
755,2019-10-29,620.5,620.95,608.9,610.35,606.8517,128530,0.0,1.0
756,2019-10-25,618.0,619.8,608.0,609.65,606.1557,127574,0.0,1.0
757,2019-10-24,610.0,619.1,608.2,615.75,612.2208,148480,0.0,1.0
758,2019-10-23,614.95,625.5,601.1,608.15,604.6643,396033,0.0,1.0
759,2019-10-22,609.95,624.0,605.2,611.55,608.0448,181348,0.0,1.0
760,2019-10-18,616.95,616.95,607.0,608.15,604.6643,142620,0.0,1.0
761,2019-10-17,611.1,621.9,610.1,614.85,611.3259,202458,0.0,1.0
762,2019-10-16,594.9,616.0,594.2,610.75,607.2494,295866,0.0,1.0
763,2019-10-15,581.95,596.2,581.0,592.25,588.8555,118479,0.0,1.0
764,2019-10-14,585.0,590.0,580.25,582.05,578.7139,120055,0.0,1.0
765,2019-10-11,584.05,600.0,584.05,590.55,587.1652,148503,0.0,1.0
766,2019-10-10,579.0,589.0,576.05,583.5,580.1556,98178,0.0,1.0
767,2019-10-09,576.2,586.7,573.9,580.4,577.0734,117994,0.0,1.0
768,2019-10-07,585.5,585.5,572.3,575.4,572.102,187331,0.0,1.0
769,2019-10-04,594.0,594.0,582.1,584.5,581.1499,116445,0.0,1.0
770,2019-10-03,596.95,597.7,576.0,592.8,589.4023,210519,0.0,1.0
771,2019-10-01,604.7,608.4,590.5,598.0,594.5725,754592,0.0,1.0
772,2019-09-30,585.0,609.0,584.95,600.85,597.4062,456340,0.0,1.0
773,2019-09-27,567.0,585.0,567.0,582.75,579.4099,298729,0.0,1.0
774,2019-09-26,558.8,576.8,557.3,568.95,565.689,360551,0.0,1.0
775,2019-09-25,555.0,562.9,550.85,557.8,554.6029,239927,0.0,1.0
776,2019-09-24,541.0,554.95,540.05,550.95,547.7922,194723,0.0,1.0
777,2019-09-23,568.0,568.0,540.0,541.0,537.8992,403495,0.0,1.0
778,2019-09-20,535.7,567.0,535.7,564.05,560.8171,485049,0.0,1.0
779,2019-09-19,539.5,540.35,529.25,532.5,529.4479,80172,0.0,1.0
780,2019-09-18,532.3,540.05,532.3,539.1,536.0101,99889,0.0,1.0
781,2019-09-17,537.4,540.85,524.25,530.55,527.5091,103755,0.0,1.0
782,2019-09-16,536.05,539.7,534.0,537.85,534.7673,93782,0.0,1.0
783,2019-09-13,540.0,543.15,533.0,540.8,537.7003,97708,0.0,1.0
784,2019-09-12,539.75,546.0,536.25,537.7,534.6181,126136,0.0,1.0
785,2019-09-11,532.0,540.15,532.0,538.25,535.165,117742,0.0,1.0
786,2019-09-09,534.95,539.7,529.75,531.0,527.9565,180628,0.0,1.0
787,2019-09-06,533.0,535.9,528.25,529.95,526.9125,128179,0.0,1.0
788,2019-09-05,540.0,547.25,527.0,528.6,525.5703,199524,0.0,1.0
789,2019-09-04,540.85,543.0,528.7,535.45,532.381,190166,0.0,1.0
790,2019-09-03,552.0,557.0,535.0,536.55,533.4747,286237,0.0,1.0
791,2019-08-30,544.9,559.45,542.2,557.05,553.8572,246340,0.0,1.0
792,2019-08-29,545.0,550.1,540.0,541.5,538.3963,181836,0.0,1.0
793,2019-08-28,556.9,557.5,538.25,547.2,544.0637,522153,0.0,1.0
794,2019-08-27,534.8,569.6,533.65,556.55,553.3601,953000,0.0,1.0
795,2019-08-26,528.4,536.85,517.0,526.5,523.4823,297877,0.0,1.0
796,2019-08-23,529.0,530.75,513.05,517.4,514.4345,273664,0.0,1.0
797,2019-08-22,533.0,538.05,525.2,528.25,525.2223,400191,0.0,1.0
798,2019-08-21,530.5,538.8,526.5,530.9,527.8571,353727,0.0,1.0
799,2019-08-20,525.6,532.95,516.6,527.45,524.4269,409068,0.0,1.0
800,2019-08-19,544.8,559.75,520.15,524.35,521.3446,775555,0.0,1.0
801,2019-08-16,515.0,543.15,513.1,540.3,537.2032,693299,0.0,1.0
802,2019-08-14,489.9,540.0,480.35,516.7,513.7385,77242703,0.0,1.0
803,2019-08-13,530.0,536.95,516.35,519.1,516.1247,160047,0.0,1.0
804,2019-08-09,526.0,535.0,524.55,526.65,523.6314,194052,0.0,1.0
805,2019-08-08,539.95,545.0,515.9,522.65,519.6544,455898,0.0,1.0
806,2019-08-07,518.0,525.0,511.0,518.3,515.3293,355915,0.0,1.0
807,2019-08-06,485.0,517.95,484.2,512.4,509.4631,291361,0.0,1.0
808,2019-08-05,493.0,494.2,483.4,487.4,484.6064,113963,0.0,1.0
809,2019-08-02,489.8,498.0,480.4,494.0,491.1686,191425,0.0,1.0
810,2019-08-01,493.45,501.75,481.5,488.9,486.0978,164966,0.0,1.0
811,2019-07-31,482.95,495.45,478.0,493.5,490.6714,137858,0.0,1.0
812,2019-07-30,487.8,491.95,475.2,483.05,480.2813,176799,0.0,1.0
813,2019-07-29,499.9,504.0,478.95,485.2,482.419,189009,0.0,1.0
814,2019-07-26,504.9,508.1,495.45,499.25,496.3885,114824,0.0,1.0
815,2019-07-25,499.25,510.7,498.0,501.25,498.377,157465,0.0,1.0
816,2019-07-24,511.5,532.9,497.3,499.15,496.2891,497166,0.0,1.0
817,2019-07-23,491.9,511.5,482.3,508.6,505.6849,605941,0.0,1.0
818,2019-07-22,485.05,497.7,479.55,490.5,487.6886,229531,0.0,1.0
819,2019-07-19,506.5,509.3,485.0,487.9,485.1035,205347,0.0,1.0
820,2019-07-18,499.0,510.25,497.9,503.3,500.4153,286061,0.0,1.0
821,2019-07-17,494.7,503.5,486.5,497.1,494.2508,197811,0.0,1.0
822,2019-07-16,494.95,498.4,482.25,491.25,488.4343,138457,0.0,1.0
823,2019-07-15,482.6,494.35,482.0,491.15,488.3349,141590,0.0,1.0
824,2019-07-12,472.0,484.95,469.75,482.0,479.2374,140552,0.0,1.0
825,2019-07-11,457.15,470.85,453.0,467.65,464.9696,78429,0.0,1.0
826,2019-07-10,459.3,460.0,454.5,455.65,453.0384,59762,0.0,1.0
827,2019-07-09,465.7,466.3,453.1,455.9,453.287,106125,0.0,1.0
828,2019-07-08,464.0,469.0,447.7,462.95,460.2965,292914,0.0,1.0
829,2019-07-05,492.0,494.95,469.55,474.75,472.0289,320767,0.0,1.0
830,2019-07-04,481.05,491.2,480.0,489.15,486.3464,169150,0.0,1.0
831,2019-07-03,472.0,484.75,470.1,479.25,476.5031,245629,0.0,1.0
832,2019-07-02,469.8,476.75,468.75,470.0,467.3061,83826,0.0,1.0
833,2019-07-01,467.0,478.5,467.0,469.6,466.9084,165149,0.0,1.0
834,2019-06-28,458.0,470.4,457.25,464.35,461.6885,255849,0.0,1.0
835,2019-06-27,442.9,456.8,439.1,455.15,452.5413,146951,0.0,1.0
836,2019-06-26,437.8,446.0,436.9,442.05,439.5163,134111,0.0,1.0
837,2019-06-25,439.45,442.0,436.3,437.8,435.2907,80816,0.0,1.0
838,2019-06-24,440.0,441.85,435.6,440.0,437.4781,36573,0.0,1.0
839,2019-06-21,439.0,444.0,436.2,438.3,435.7878,51613,0.0,1.0
840,2019-06-20,436.9,441.75,429.1,440.05,437.5278,84227,0.0,1.0
841,2019-06-19,443.75,444.85,435.95,437.0,434.4953,66768,0.0,1.0
842,2019-06-18,443.35,445.5,440.4,441.55,439.0192,72699,0.0,1.0
843,2019-06-17,448.0,450.65,440.0,443.15,440.61,54160,0.0,1.0
844,2019-06-14,454.9,460.0,444.05,447.85,445.2831,182648,0.0,1.0
845,2019-06-13,443.5,453.5,440.55,451.65,449.0613,184454,0.0,1.0
846,2019-06-12,447.5,449.35,440.15,441.65,439.1186,27472,0.0,1.0
847,2019-06-11,451.65,451.65,444.8,445.25,442.698,52564,0.0,1.0
848,2019-06-10,452.25,454.0,442.55,449.9,447.3213,87825,0.0,1.0
849,2019-06-07,443.0,453.05,435.05,451.55,448.9619,181715,0.0,1.0
850,2019-06-06,443.0,451.45,440.35,442.25,439.7152,164359,0.0,1.0
851,2019-06-04,443.9,444.7,436.25,442.45,439.914,79107,0.0,1.0
852,2019-06-03,441.0,452.0,441.0,444.5,441.9523,143383,0.0,1.0
853,2019-05-31,438.0,445.0,436.6,441.35,438.8204,184585,0.0,1.0
854,2019-05-30,426.0,436.95,423.4,435.0,432.5067,172934,0.0,1.0
855,2019-05-29,424.95,426.85,416.55,424.4,421.9675,79770,0.0,1.0
856,2019-05-28,424.0,426.0,415.3,424.95,422.5143,126015,0.0,1.0
857,2019-05-27,407.0,424.0,407.0,422.15,419.7304,242497,0.0,1.0
858,2019-05-24,408.0,409.7,400.1,408.25,405.9101,64946,0.0,1.0
859,2019-05-23,403.95,411.3,400.6,405.25,402.9273,194283,0.0,1.0
860,2019-05-22,403.95,405.9,397.0,398.55,396.2657,73095,0.0,1.0
861,2019-05-21,399.9,403.5,396.0,402.15,399.845,80497,0.0,1.0
862,2019-05-20,394.95,399.0,391.25,396.3,394.0286,2131298,0.0,1.0
863,2019-05-17,379.05,384.0,374.5,382.5,380.3077,86298,0.0,1.0
864,2019-05-16,389.95,389.95,377.75,379.55,377.3746,125630,0.0,1.0
865,2019-05-15,393.45,394.7,387.0,388.2,385.975,51969,0.0,1.0
866,2019-05-14,397.85,399.0,387.0,391.0,388.7589,157574,0.0,1.0
867,2019-05-13,408.65,409.5,394.6,402.6,400.2925,152395,0.0,1.0
868,2019-05-10,409.6,411.65,409.0,409.4,407.0535,39560,0.0,1.0
869,2019-05-09,411.65,411.65,406.55,409.15,406.8049,117269,0.0,1.0
870,2019-05-08,409.0,413.0,406.75,409.7,407.3518,100803,0.0,1.0
871,2019-05-07,411.5,413.2,406.25,408.95,406.6061,133460,0.0,1.0
872,2019-05-06,412.05,413.0,408.1,411.2,408.8432,165103,0.0,1.0
873,2019-05-03,402.0,418.8,402.0,413.6,411.2294,603520,0.0,1.0
874,2019-05-02,405.0,418.0,403.8,417.0,414.6099,243636,0.0,1.0
875,2019-04-30,399.5,406.3,395.15,404.1,401.7839,186067,0.0,1.0
876,2019-04-26,401.4,405.95,393.55,399.35,397.0611,214721,0.0,1.0
877,2019-04-25,400.1,401.95,396.6,399.5,397.2102,90794,0.0,1.0
878,2019-04-24,398.2,401.1,397.0,400.0,397.7074,30740,0.0,1.0
879,2019-04-23,399.9,403.25,397.3,398.1,395.8182,77687,0.0,1.0
880,2019-04-22,406.35,406.5,396.0,397.3,395.0228,57682,0.0,1.0
881,2019-04-18,409.0,413.4,395.9,405.95,403.6233,184402,0.0,1.0
882,2019-04-16,406.15,412.4,404.0,407.95,405.6118,116375,0.0,1.0
883,2019-04-15,407.6,408.0,400.5,405.15,402.8278,108920,0.0,1.0
884,2019-04-12,395.1,407.0,395.1,405.25,402.9273,234271,0.0,1.0
885,2019-04-11,377.35,396.95,373.9,393.3,391.0458,212878,0.0,1.0
886,2019-04-10,381.55,384.45,375.7,376.9,374.7398,156319,0.0,1.0
887,2019-04-09,385.5,387.25,378.7,381.2,379.0151,67950,0.0,1.0
888,2019-04-08,387.95,389.95,381.85,385.7,383.4893,72488,0.0,1.0
889,2019-04-05,379.95,388.3,379.95,386.0,383.7876,53557,0.0,1.0
890,2019-04-04,384.2,385.85,377.6,378.45,376.2809,61400,0.0,1.0
891,2019-04-03,381.9,391.55,379.9,383.4,381.2025,185215,0.0,1.0
892,2019-04-02,384.0,384.4,378.2,379.85,377.6728,71125,0.0,1.0
893,2019-04-01,377.7,387.2,377.0,383.75,381.5505,314743,0.0,1.0
894,2019-03-29,373.7,384.3,369.5,378.5,376.3306,295098,0.0,1.0
895,2019-03-28,371.1,373.25,368.45,371.05,368.9233,198053,0.0,1.0
896,2019-03-27,369.55,375.9,369.55,371.45,369.321,253657,0.0,1.0
897,2019-03-26,361.95,370.0,361.0,369.05,366.9347,159524,0.0,1.0
898,2019-03-25,362.05,362.05,355.45,358.7,356.6441,658182,0.0,1.0
899,2019-03-22,363.95,367.35,362.5,363.55,361.4663,96726,0.0,1.0
900,2019-03-20,364.35,366.4,362.75,363.95,361.864,106659,0.0,1.0
901,2019-03-19,369.95,369.95,362.6,364.45,362.3611,158369,0.0,1.0
902,2019-03-18,372.6,374.35,366.45,367.6,365.4931,570521,0.0,1.0
903,2019-03-15,367.4,372.2,366.5,369.85,367.7302,371714,0.0,1.0
904,2019-03-14,368.2,369.3,366.0,366.6,364.4988,449145,1.63,1.0
905,2019-03-13,368.2,371.0,365.1,366.15,362.4307,1566200,0.0,1.0
906,2019-03-12,368.8,377.3,368.8,371.45,367.6769,1282329,0.0,1.0
907,2019-03-11,391.1,391.3,385.5,389.8,385.8405,84233,0.0,1.0
908,2019-03-08,392.0,393.6,384.55,391.8,387.8202,44429,0.0,1.0
909,2019-03-07,390.0,393.8,384.15,391.1,387.1273,70047,0.0,1.0
910,2019-03-06,377.05,392.0,377.05,389.85,385.89,135766,0.0,1.0
911,2019-03-05,363.95,378.9,360.0,375.75,371.9332,75875,0.0,1.0
912,2019-03-01,353.0,364.35,352.0,362.35,358.6693,72243,0.0,1.0
913,2019-02-28,352.0,355.8,348.75,351.65,348.078,81750,0.0,1.0
914,2019-02-27,354.05,357.5,348.0,350.8,347.2366,40850,0.0,1.0
915,2019-02-26,352.0,355.8,346.25,352.25,348.6719,55087,0.0,1.0
916,2019-02-25,364.5,364.5,353.1,355.6,351.9879,39366,0.0,1.0
917,2019-02-22,357.0,364.5,356.35,362.5,358.8178,33157,0.0,1.0
918,2019-02-21,348.5,357.0,346.15,355.7,352.0869,33219,0.0,1.0
919,2019-02-20,348.0,350.55,346.5,347.25,343.7227,32330,0.0,1.0
920,2019-02-19,352.0,354.75,346.25,348.2,344.663,25482,0.0,1.0
921,2019-02-18,358.0,365.75,349.0,350.75,347.1871,32035,0.0,1.0
922,2019-02-15,358.0,361.05,354.15,357.95,354.314,27855,0.0,1.0
923,2019-02-14,355.0,361.0,354.05,359.8,356.1452,44854,0.0,1.0
924,2019-02-13,357.85,360.75,354.45,358.9,355.2544,19326,0.0,1.0
925,2019-02-12,355.0,360.1,351.75,354.05,350.4536,32087,0.0,1.0
926,2019-02-11,366.0,366.0,351.4,356.6,352.9777,52799,0.0,1.0
927,2019-02-08,367.15,372.4,363.6,365.2,361.4904,21742,0.0,1.0
928,2019-02-07,368.9,371.95,366.9,367.95,364.2124,28043,0.0,1.0
929,2019-02-06,373.6,377.35,368.1,369.75,365.9941,50031,0.0,1.0
930,2019-02-05,372.25,377.9,370.75,376.4,372.5766,41480,0.0,1.0
931,2019-02-04,375.9,376.9,370.85,375.85,372.0322,28079,0.0,1.0
932,2019-02-01,374.8,377.55,368.75,374.3,370.4979,50804,0.0,1.0
933,2019-01-31,373.0,374.7,363.65,371.1,367.3304,43937,0.0,1.0
934,2019-01-30,361.0,372.0,358.55,370.75,366.984,61949,0.0,1.0
935,2019-01-29,365.0,366.25,358.0,361.05,357.3825,45440,0.0,1.0
936,2019-01-28,362.0,369.6,345.0,366.35,362.6287,127847,0.0,1.0
937,2019-01-25,369.7,369.7,357.5,360.15,356.4917,82752,0.0,1.0
938,2019-01-24,373.4,373.4,361.0,361.6,357.9269,83566,0.0,1.0
939,2019-01-23,387.4,389.05,372.25,373.95,370.1515,109162,0.0,1.0
940,2019-01-22,389.0,389.55,382.05,384.8,380.8913,56499,0.0,1.0
941,2019-01-21,384.0,386.2,382.35,383.9,380.0004,31382,0.0,1.0
942,2019-01-18,392.0,392.0,384.0,384.75,380.8418,30798,0.0,1.0
943,2019-01-17,388.95,391.95,385.0,390.15,386.1869,49269,0.0,1.0
944,2019-01-16,386.3,389.4,385.55,387.55,383.6133,53110,0.0,1.0
945,2019-01-15,392.0,392.45,386.25,388.55,384.6032,45976,0.0,1.0
946,2019-01-14,406.0,406.0,390.05,392.55,388.5625,99589,0.0,1.0
947,2019-01-11,409.9,409.9,404.55,406.75,402.6183,57648,0.0,1.0
948,2019-01-10,396.05,409.0,395.8,406.6,402.4698,153196,0.0,1.0
949,2019-01-09,394.0,398.4,392.0,396.45,392.4229,61389,0.0,1.0
950,2019-01-08,391.2,395.45,389.45,394.8,390.7897,20953,0.0,1.0
951,2019-01-07,394.0,395.1,390.95,393.1,389.107,38571,0.0,1.0
952,2019-01-04,392.3,393.5,387.4,392.5,388.5131,32815,0.0,1.0
953,2019-01-03,392.0,394.9,389.5,390.75,386.7808,40229,0.0,1.0
954,2019-01-02,386.8,393.0,383.8,390.5,386.5334,33100,0.0,1.0
955,2019-01-01,387.6,389.05,383.1,385.65,381.7326,25915,0.0,1.0
956,2018-12-31,389.1,390.6,385.5,387.55,383.6133,33421,0.0,1.0
957,2018-12-28,393.85,393.85,385.0,388.65,384.7022,45321,0.0,1.0
958,2018-12-27,386.1,394.0,385.0,390.75,386.7808,39040,0.0,1.0
959,2018-12-26,385.0,387.45,379.85,385.1,381.1882,133794,0.0,1.0
960,2018-12-24,382.7,387.2,382.05,385.35,381.4357,31166,0.0,1.0
961,2018-12-21,389.0,389.0,381.35,384.7,380.7923,68438,0.0,1.0
962,2018-12-20,386.1,390.75,384.25,387.1,383.1679,433021,0.0,1.0
963,2018-12-19,392.95,393.5,387.4,388.25,384.3062,39561,0.0,1.0
964,2018-12-18,392.05,394.6,390.0,391.85,387.8697,42949,0.0,1.0
965,2018-12-17,394.1,395.55,391.1,393.05,389.0575,29347,0.0,1.0
966,2018-12-14,386.3,394.6,386.3,393.5,389.5029,181015,0.0,1.0
967,2018-12-13,396.15,396.2,386.0,387.4,383.4649,29950,0.0,1.0
968,2018-12-12,385.75,396.2,385.75,392.75,388.7605,31296,0.0,1.0
969,2018-12-11,383.0,388.5,380.05,384.05,380.1489,51624,0.0,1.0
970,2018-12-10,385.0,388.95,383.55,385.1,381.1882,41118,0.0,1.0
971,2018-12-07,395.95,398.9,391.3,393.15,389.1564,28491,0.0,1.0
972,2018-12-06,391.6,400.7,391.5,396.3,392.2745,38943,0.0,1.0
973,2018-12-05,394.1,397.95,393.0,395.3,391.2846,44480,0.0,1.0
974,2018-12-04,398.45,398.95,393.0,397.35,393.3138,48486,0.0,1.0
975,2018-12-03,396.5,400.0,393.0,397.0,392.9673,52133,0.0,1.0
976,2018-11-30,392.5,399.7,392.25,396.15,392.126,37715,0.0,1.0
977,2018-11-29,394.0,395.7,390.05,392.4,388.4141,30543,0.0,1.0
978,2018-11-28,393.05,395.95,391.0,394.45,390.4432,752610,0.0,1.0
979,2018-11-27,398.8,398.8,391.3,392.55,388.5625,29433,0.0,1.0
980,2018-11-26,394.3,397.35,389.35,395.5,391.4826,59776,0.0,1.0
981,2018-11-22,390.65,394.7,386.7,393.05,389.0575,64482,0.0,1.0
982,2018-11-21,388.25,393.8,382.65,390.25,386.2859,44650,0.0,1.0
983,2018-11-20,382.9,388.2,380.25,386.05,382.1286,64202,0.0,1.0
984,2018-11-19,393.0,396.5,378.85,382.4,378.5156,2181695,0.0,1.0
985,2018-11-16,400.0,400.0,390.2,392.7,388.711,25017,0.0,1.0
986,2018-11-15,401.0,401.55,395.85,398.6,394.5511,33844,0.0,1.0
987,2018-11-14,403.95,407.0,397.45,400.55,396.4813,76314,0.0,1.0
988,2018-11-13,399.0,401.65,392.2,398.95,394.8975,50220,0.0,1.0
989,2018-11-12,401.4,401.8,395.05,398.35,394.3036,41659,0.0,1.0
990,2018-11-09,400.0,405.0,396.4,400.85,396.7782,37467,0.0,1.0
991,2018-11-06,402.0,407.9,394.0,397.65,393.6107,119539,0.0,1.0
992,2018-11-05,387.0,406.0,382.0,400.35,396.2833,124811,0.0,1.0
993,2018-11-02,375.75,387.5,372.0,386.6,382.673,149440,0.0,1.0
994,2018-11-01,375.75,383.35,370.1,371.65,367.8748,70696,0.0,1.0
995,2018-10-31,370.0,373.7,365.0,371.3,367.5284,47804,0.0,1.0
996,2018-10-30,366.25,372.0,366.25,369.4,365.6477,39374,0.0,1.0
997,2018-10-29,364.8,378.65,355.7,366.9,363.1731,73089,0.0,1.0
998,2018-10-26,360.5,363.45,355.4,359.7,356.0462,54321,0.0,1.0
999,2018-10-25,364.9,364.9,358.1,360.2,356.5412,38097,0.0,1.0
1000,2018-10-24,368.0,368.0,361.3,364.9,361.1934,106712,0.0,1.0
1001,2018-10-23,366.75,369.3,358.15,359.15,355.5018,64744,0.0,1.0
1002,2018-10-22,375.0,375.0,365.2,366.75,363.0246,45642,0.0,1.0
1003,2018-10-19,370.95,375.3,366.5,369.6,365.8457,54449,0.0,1.0
1004,2018-10-17,379.7,382.45,369.7,371.85,368.0728,61783,0.0,1.0
1005,2018-10-16,374.75,384.8,369.1,376.15,372.3291,396956,0.0,1.0
1006,2018-10-15,380.0,380.0,368.4,370.3,366.5386,47197,0.0,1.0
1007,2018-10-12,369.0,379.0,368.7,373.75,369.9535,86848,0.0,1.0
1008,2018-10-11,360.0,374.05,356.1,365.85,362.1338,93979,0.0,1.0
1009,2018-10-10,365.0,372.95,360.8,369.35,365.5982,68616,0.0,1.0
1010,2018-10-09,372.0,374.6,354.0,360.65,356.9866,219310,0.0,1.0
1011,2018-10-08,367.5,372.9,362.6,368.5,364.7568,85342,0.0,1.0
1012,2018-10-05,372.0,377.0,365.5,367.5,363.767,260376,0.0,1.0
1013,2018-10-04,376.0,380.0,366.2,372.95,369.1616,137644,0.0,1.0
1014,2018-10-03,386.0,392.55,379.0,381.05,377.1794,111376,0.0,1.0
1015,2018-10-01,393.5,393.95,379.2,388.85,384.9001,90656,0.0,1.0
1016,2018-09-28,410.9,413.8,390.0,392.1,388.1171,105573,0.0,1.0
1017,2018-09-27,406.5,414.9,397.9,401.4,397.3226,252520,0.0,1.0
1018,2018-09-26,396.8,405.9,393.0,402.3,398.2135,163150,0.0,1.0
1019,2018-09-25,369.95,396.4,363.1,390.05,386.0879,494365,0.0,1.0
1020,2018-09-24,392.0,392.0,369.0,369.85,366.0931,199674,0.0,1.0
1021,2018-09-21,400.3,400.6,374.5,387.5,383.5638,277258,0.0,1.0
1022,2018-09-19,410.05,413.05,399.1,400.3,396.2338,124925,0.0,1.0
1023,2018-09-18,412.0,418.05,407.0,409.65,405.4888,170439,0.0,1.0
1024,2018-09-17,425.6,425.8,409.7,412.85,408.6563,244228,0.0,1.0
1025,2018-09-14,437.85,437.85,422.0,425.3,420.9799,198907,0.0,1.0
1026,2018-09-12,446.5,446.5,429.1,436.3,431.8681,176398,0.0,1.0
1027,2018-09-11,455.0,455.55,444.0,445.9,441.3706,76204,0.0,1.0
1028,2018-09-10,449.0,456.6,443.1,450.25,445.6764,99823,0.0,1.0
1029,2018-09-07,455.0,455.0,447.4,450.5,445.9239,55567,0.0,1.0
1030,2018-09-06,462.95,462.95,451.05,453.55,448.9429,58039,0.0,1.0
1031,2018-09-05,451.1,462.0,441.55,456.1,451.467,122287,0.0,1.0
1032,2018-09-04,461.55,462.0,452.35,452.9,448.2995,70465,0.0,1.0
1033,2018-09-03,461.0,465.7,459.0,460.15,455.4759,84357,0.0,1.0
1034,2018-08-31,464.0,467.2,461.25,461.9,457.2081,48915,0.0,1.0
1035,2018-08-30,469.95,475.05,465.05,466.75,462.0088,93305,0.0,1.0
1036,2018-08-29,463.5,470.0,460.2,466.15,461.4149,61416,0.0,1.0
1037,2018-08-28,462.75,464.0,460.5,461.45,456.7627,51270,0.0,1.0
1038,2018-08-27,463.1,465.7,460.1,461.25,456.5647,103307,0.0,1.0
1039,2018-08-24,466.7,471.5,461.75,462.8,458.099,78683,0.0,1.0
1040,2018-08-23,464.0,473.6,463.25,467.55,462.8007,79955,0.0,1.0
1041,2018-08-21,464.0,464.85,460.45,462.65,457.9505,48876,0.0,1.0
1042,2018-08-20,464.65,468.0,458.5,462.15,457.4556,86242,0.0,1.0
1043,2018-08-17,462.9,466.0,460.1,461.2,456.5152,85661,0.0,1.0
1044,2018-08-16,470.1,470.1,459.3,461.65,456.9606,61495,0.0,1.0
1045,2018-08-14,465.6,471.0,464.1,468.0,463.2461,55644,0.0,1.0
1046,2018-08-13,465.0,468.85,461.0,464.05,459.3363,81205,0.0,1.0
1047,2018-08-10,467.9,468.45,459.95,465.2,460.4746,141779,0.0,1.0
1048,2018-08-09,470.9,474.7,464.0,466.15,461.4149,143263,0.0,1.0
1049,2018-08-08,478.95,480.15,465.0,467.5,462.7512,637262,0.0,1.0
1050,2018-08-07,486.95,487.25,477.85,478.95,474.0849,82492,0.0,1.0
1051,2018-08-06,490.6,492.8,482.1,484.8,479.8755,127304,0.0,1.0
1052,2018-08-03,496.0,505.0,485.5,488.3,483.3399,131243,0.0,1.0
1053,2018-08-02,495.95,504.0,491.0,493.3,488.2891,72719,0.0,1.0
1054,2018-08-01,501.95,502.75,493.25,496.05,491.0112,64186,0.0,1.0
1055,2018-07-31,495.0,503.75,489.0,501.15,496.0594,90749,0.0,1.0
1056,2018-07-30,507.65,508.0,494.0,495.75,490.7143,130904,0.0,1.0
1057,2018-07-27,491.0,510.75,491.0,508.4,503.2358,202880,0.0,1.0
1058,2018-07-26,493.4,495.5,486.05,489.1,484.1318,72688,0.0,1.0
1059,2018-07-25,477.6,496.0,477.6,494.05,489.0315,142356,0.0,1.0
1060,2018-07-24,483.9,487.8,471.0,480.2,475.3222,109059,0.0,1.0
1061,2018-07-23,494.05,496.6,479.4,483.35,478.4402,119646,0.0,1.0
1062,2018-07-20,471.6,493.4,469.2,489.7,484.7257,208129,0.0,1.0
1063,2018-07-19,473.5,474.5,468.0,471.25,466.4631,33219,0.0,1.0
1064,2018-07-18,467.9,476.85,467.05,473.45,468.6408,98858,0.0,1.0
1065,2018-07-17,462.95,468.0,455.65,464.3,459.5837,56700,0.0,1.0
1066,2018-07-16,471.5,471.85,457.6,459.4,454.7335,47919,0.0,1.0
1067,2018-07-13,478.0,481.1,470.0,471.7,466.9086,375991,0.0,1.0
1068,2018-07-12,470.35,481.5,470.35,478.0,473.1446,266670,0.0,1.0
1069,2018-07-11,476.6,476.6,468.0,469.05,464.2855,54707,0.0,1.0
1070,2018-07-10,477.0,481.95,475.0,476.7,471.8578,66397,0.0,1.0
1071,2018-07-09,472.1,479.0,471.1,474.3,469.4821,64104,0.0,1.0
1072,2018-07-06,464.95,471.4,460.45,468.9,464.137,50817,0.0,1.0
1073,2018-07-05,461.0,469.4,458.0,462.05,457.3566,51261,0.0,1.0
1074,2018-07-04,459.0,464.45,456.5,459.6,454.9315,57821,0.0,1.0
1075,2018-07-03,455.05,464.3,453.5,459.65,454.981,43206,0.0,1.0
1076,2018-07-02,458.85,464.25,451.0,457.65,453.0013,72725,0.0,1.0
1077,2018-06-29,461.5,465.0,454.1,455.7,451.0711,99682,0.0,1.0
1078,2018-06-28,468.85,468.85,458.6,461.2,456.5152,83818,0.0,1.0
1079,2018-06-27,467.0,470.7,462.5,467.25,462.5038,69357,0.0,1.0
1080,2018-06-26,465.0,470.35,457.0,467.6,462.8502,124333,0.0,1.0
1081,2018-06-25,471.65,475.0,467.0,467.8,463.0482,61379,0.0,1.0
1082,2018-06-22,474.95,474.95,469.5,471.65,466.8591,76217,0.0,1.0
1083,2018-06-21,474.9,476.4,468.35,472.45,467.6509,79650,0.0,1.0
1084,2018-06-20,474.2,478.75,471.95,473.5,468.6903,77909,0.0,1.0
1085,2018-06-19,475.0,483.0,471.7,474.75,469.9276,67317,0.0,1.0
1086,2018-06-18,471.45,484.7,471.2,479.25,474.3819,109209,0.0,1.0
1087,2018-06-15,484.9,487.6,466.0,469.25,464.4834,226042,0.0,1.0
1088,2018-06-14,488.15,490.25,479.1,481.2,476.3121,100541,0.0,1.0
1089,2018-06-13,505.0,505.7,490.25,491.2,486.2105,94491,0.0,1.0
1090,2018-06-12,486.0,506.4,485.2,501.6,496.5048,223609,0.0,1.0
1091,2018-06-11,473.5,487.95,473.5,485.5,480.5684,146942,0.0,1.0
1092,2018-06-08,470.0,476.4,467.0,472.45,467.6509,117212,0.0,1.0
1093,2018-06-07,471.05,476.15,469.45,471.4,466.6116,130632,0.0,1.0
1094,2018-06-06,463.3,472.0,461.2,469.0,464.236,146955,0.0,1.0
1095,2018-06-05,470.0,479.0,463.2,465.8,461.0685,165092,0.0,1.0
1096,2018-06-04,494.0,494.0,472.6,473.65,468.8387,333302,0.0,1.0
1097,2018-06-01,490.1,492.75,485.4,488.35,483.3894,88776,0.0,1.0
1098,2018-05-31,504.9,509.25,486.0,492.05,487.0518,159721,0.0,1.0
1099,2018-05-30,491.0,507.0,485.15,502.85,497.7421,152713,0.0,1.0
1100,2018-05-29,491.0,497.85,489.9,493.05,488.0417,95101,0.0,1.0
1101,2018-05-28,485.0,493.0,484.0,491.0,486.0125,122634,0.0,1.0
1102,2018-05-25,476.05,487.0,474.05,481.3,476.411,127974,0.0,1.0
1103,2018-05-24,477.1,483.85,470.0,474.45,469.6306,130405,0.0,1.0
1104,2018-05-23,482.0,485.5,475.0,476.55,471.7093,150036,0.0,1.0
1105,2018-05-22,490.15,496.15,480.0,481.75,476.8565,150220,0.0,1.0
1106,2018-05-21,492.3,501.35,488.0,489.4,484.4288,126832,0.0,1.0
1107,2018-05-18,496.0,497.3,485.4,493.75,488.7346,123577,0.0,1.0
1108,2018-05-17,499.0,503.15,492.0,494.55,489.5264,135568,0.0,1.0
1109,2018-05-16,505.95,509.5,495.25,497.55,492.496,252095,0.0,1.0
1110,2018-05-15,525.0,525.3,496.3,506.35,501.2066,552544,0.0,1.0
1111,2018-05-14,524.9,547.25,524.9,540.3,534.8117,230212,0.0,1.0
1112,2018-05-11,517.0,524.9,516.5,522.3,516.9946,115090,0.0,1.0
1113,2018-05-10,513.9,521.0,509.45,516.85,511.5999,101159,0.0,1.0
1114,2018-05-09,510.0,518.1,510.0,513.3,508.086,91534,0.0,1.0
1115,2018-05-08,501.95,513.0,499.5,509.8,504.6215,113632,0.0,1.0
1116,2018-05-07,503.0,505.1,497.9,499.6,494.5251,59895,0.0,1.0
1117,2018-05-04,497.1,504.5,492.0,500.3,495.218,80839,0.0,1.0
1118,2018-05-03,509.0,511.0,493.8,496.65,491.6051,131456,0.0,1.0
1119,2018-05-02,518.95,525.0,507.7,509.05,503.8792,148767,0.0,1.0
1120,2018-04-30,519.9,526.0,514.95,518.95,513.6786,117373,0.0,1.0
1121,2018-04-27,536.0,546.5,518.25,520.6,515.3118,258095,0.0,1.0
1122,2018-04-26,513.5,536.2,513.45,533.1,527.6849,484757,0.0,1.0
1123,2018-04-25,497.15,514.3,495.45,510.85,505.6609,262097,0.0,1.0
1124,2018-04-24,494.0,502.8,489.85,499.85,494.7726,117444,0.0,1.0
1125,2018-04-23,497.0,497.05,489.55,493.15,488.1407,57094,0.0,1.0
1126,2018-04-20,504.5,504.5,493.1,495.65,490.6153,331747,0.0,1.0
1127,2018-04-19,501.0,511.0,497.0,503.15,498.0391,1458391,0.0,1.0
1128,2018-04-18,496.6,500.0,489.0,492.1,487.1013,95324,0.0,1.0
1129,2018-04-17,496.1,499.55,486.05,491.45,486.4579,71684,0.0,1.0
1130,2018-04-16,497.0,500.0,492.75,494.7,489.6749,38344,0.0,1.0
1131,2018-04-13,500.0,501.75,497.45,498.95,493.8818,71571,0.0,1.0
1132,2018-04-12,500.0,501.5,497.7,499.5,494.4262,60292,0.0,1.0
1133,2018-04-11,502.65,507.7,495.0,498.9,493.8323,117266,0.0,1.0
1134,2018-04-10,493.0,506.0,492.25,503.65,498.534,145741,0.0,1.0
1135,2018-04-09,497.0,511.1,489.35,492.0,487.0023,168721,0.0,1.0
1136,2018-04-06,499.0,504.05,494.15,496.3,491.2587,84597,0.0,1.0
1137,2018-04-05,499.0,505.0,488.2,497.9,492.8424,120943,0.0,1.0
1138,2018-04-04,495.5,503.9,489.0,496.0,490.9617,154291,0.0,1.0
1139,2018-04-03,480.0,507.65,480.0,493.9,488.883,330446,0.0,1.0
1140,2018-04-02,455.0,485.0,455.0,480.7,475.8171,261881,0.0,1.0
1141,2018-03-28,447.8,459.6,444.1,453.5,448.8934,116639,0.0,1.0
1142,2018-03-27,440.0,450.05,440.0,449.15,444.5876,96934,0.0,1.0
1143,2018-03-26,430.0,438.9,424.0,436.45,432.0166,73202,0.0,1.0
1144,2018-03-23,420.0,433.1,418.0,429.3,424.9392,88784,0.0,1.0
1145,2018-03-22,426.9,429.4,423.9,427.65,423.306,70884,0.0,1.0
1146,2018-03-21,423.0,437.95,420.0,422.15,417.8619,109461,0.0,1.0
1147,2018-03-20,430.0,430.0,419.8,422.7,418.4063,96119,0.0,1.0
1148,2018-03-19,441.0,443.0,425.05,426.1,421.7717,99207,0.0,1.0
1149,2018-03-16,449.4,449.95,436.3,443.4,438.896,62094,0.0,1.0
1150,2018-03-15,450.0,450.0,444.45,447.85,443.3008,45537,0.0,1.0
1151,2018-03-14,440.5,448.25,440.5,444.45,439.9354,58461,0.0,1.0
1152,2018-03-13,432.0,444.5,428.85,442.1,437.6092,85032,0.0,1.0
1153,2018-03-12,429.05,433.75,425.65,430.55,426.1765,80571,0.0,1.0
1154,2018-03-09,439.8,439.8,422.2,425.35,421.0294,71720,0.0,1.0
1155,2018-03-08,441.0,441.9,427.3,430.7,426.325,114030,0.0,1.0
1156,2018-03-07,446.0,447.5,435.0,436.5,432.0661,90954,0.0,1.0
1157,2018-03-06,456.75,457.0,445.65,447.1,442.5584,70076,0.0,1.0
1158,2018-03-05,450.0,455.7,445.0,452.8,448.2005,116520,0.0,1.0
1159,2018-03-01,462.0,464.55,450.0,450.5,445.9239,109186,0.0,1.0
1160,2018-02-28,467.0,467.85,460.0,460.95,456.2677,102209,0.0,1.0
1161,2018-02-27,472.0,477.8,461.0,470.15,465.3743,130275,0.0,1.0
1162,2018-02-26,472.0,473.0,461.7,468.15,463.3946,105100,0.0,1.0
1163,2018-02-23,454.75,472.0,450.0,469.25,464.4834,221254,0.0,1.0
1164,2018-02-22,448.9,455.05,443.95,451.05,446.4683,141323,0.0,1.0
1165,2018-02-21,437.5,450.0,436.5,448.8,444.2412,142705,0.0,1.0
1166,2018-02-20,437.0,443.0,434.0,436.05,431.6207,111180,0.0,1.0
1167,2018-02-19,432.0,439.95,426.7,435.95,431.5217,94080,0.0,1.0
1168,2018-02-16,433.0,435.0,427.0,431.15,426.7705,52328,0.0,1.0
1169,2018-02-15,432.1,437.1,428.0,430.75,426.3745,81921,0.0,1.0
1170,2018-02-14,442.4,443.75,430.3,432.15,427.7603,108301,0.0,1.0
1171,2018-02-12,440.15,449.95,438.0,441.7,437.2133,140394,0.0,1.0
1172,2018-02-09,430.0,445.0,430.0,439.8,435.3326,117645,0.0,1.0
1173,2018-02-08,433.1,444.0,433.1,440.6,436.1245,135759,0.0,1.0
1174,2018-02-07,441.7,449.2,431.0,433.75,429.344,156706,0.0,1.0
1175,2018-02-06,419.0,440.0,417.4,438.35,433.8973,224233,0.0,1.0
1176,2018-02-05,435.0,443.05,423.75,441.7,437.2133,450858,0.0,1.0
1177,2018-02-02,443.8,455.5,431.0,442.5,438.0052,499731,0.0,1.0
1178,2018-02-01,428.1,452.2,423.05,448.2,443.6473,802009,0.0,1.0
1179,2018-01-31,418.0,433.0,397.65,427.1,422.7616,994538,0.0,1.0
1180,2018-01-30,444.1,448.0,420.55,423.7,419.3961,188477,0.0,1.0
1181,2018-01-29,450.0,452.75,442.0,444.55,440.0343,114536,0.0,1.0
1182,2018-01-25,452.0,459.95,446.15,447.8,443.2513,150205,0.0,1.0
1183,2018-01-24,457.0,460.45,448.25,456.3,451.665,360852,0.0,1.0
1184,2018-01-23,475.0,477.9,454.25,458.55,453.8921,266765,0.0,1.0
1185,2018-01-22,488.0,488.9,468.05,470.75,465.9682,283896,0.0,1.0
1186,2018-01-19,488.0,490.0,478.0,482.95,478.0443,235620,0.0,1.0
1187,2018-01-18,485.0,489.9,478.65,483.95,479.0341,238284,0.0,1.0
1188,2018-01-17,486.0,489.9,470.0,478.05,473.1941,450150,0.0,1.0
1189,2018-01-16,480.0,493.75,471.85,482.55,477.6483,867725,0.0,1.0
1190,2018-01-15,458.45,487.5,458.4,474.85,470.0266,631794,0.0,1.0
1191,2018-01-12,448.15,459.1,445.25,455.2,450.5762,388789,0.0,1.0
1192,2018-01-11,430.0,448.9,427.95,445.1,440.5788,354002,0.0,1.0
1193,2018-01-10,436.5,442.3,427.1,430.0,425.6321,267747,0.0,1.0
1194,2018-01-09,425.75,447.95,423.0,435.9,431.4722,559805,0.0,1.0
1195,2018-01-08,408.1,428.5,408.1,421.7,417.4164,463990,0.0,1.0
1196,2018-01-05,400.9,411.5,398.2,406.95,402.8163,247901,0.0,1.0
1197,2018-01-04,388.0,402.0,387.8,399.65,395.5904,331873,0.0,1.0
1198,2018-01-03,396.0,398.0,384.0,385.3,381.3862,174042,0.0,1.0
1199,2018-01-02,395.0,397.75,385.0,395.15,391.1361,148413,0.0,1.0
1200,2018-01-01,389.0,399.75,387.25,389.8,385.8405,247321,0.0,1.0
1201,2017-12-29,375.5,390.5,375.5,386.1,382.1781,252588,0.0,1.0
1202,2017-12-28,375.5,380.3,372.5,378.5,374.6553,157741,0.0,1.0
1203,2017-12-27,375.1,378.0,373.5,374.45,370.6464,60062,0.0,1.0
1204,2017-12-26,378.2,379.0,373.45,376.55,372.7251,105946,0.0,1.0
1205,2017-12-22,379.0,380.25,372.7,373.75,369.9535,85058,0.0,1.0
1206,2017-12-21,378.0,382.0,375.0,376.5,372.6756,135078,0.0,1.0
1207,2017-12-20,379.4,379.4,371.2,374.55,370.7454,134304,0.0,1.0
1208,2017-12-19,374.45,381.0,372.4,375.05,371.2403,150547,0.0,1.0
1209,2017-12-18,381.95,383.9,372.9,378.1,374.2593,155872,0.0,1.0
1210,2017-12-15,386.0,390.25,380.0,381.1,377.2289,117894,1.36,1.0
1211,2017-12-14,381.0,387.0,376.0,385.1,379.842,231675,0.0,1.0
1212,2017-12-13,385.55,389.55,378.5,380.6,375.4035,117172,0.0,1.0
1213,2017-12-12,380.0,388.0,377.5,384.75,379.4968,145057,0.0,1.0
1214,2017-12-11,389.35,392.0,379.5,380.95,375.7487,139615,0.0,1.0
1215,2017-12-08,390.0,394.9,385.55,388.05,382.7518,351488,0.0,1.0
1216,2017-12-07,369.25,389.75,369.25,388.4,383.097,512567,0.0,1.0
1217,2017-12-06,360.2,371.2,358.55,368.05,363.0248,295467,0.0,1.0
1218,2017-12-05,362.1,365.65,357.0,361.75,356.8108,209037,0.0,1.0
1219,2017-12-04,372.0,377.0,362.0,363.1,358.1424,439869,0.0,1.0
1220,2017-12-01,374.95,379.4,368.0,372.0,366.9209,219696,0.0,1.0
1221,2017-11-30,378.5,380.1,370.0,370.8,365.7373,436788,0.0,1.0
1222,2017-11-29,383.5,384.7,376.2,377.55,372.3951,254547,0.0,1.0
1223,2017-11-28,382.0,386.0,378.2,381.25,376.0446,335241,0.0,1.0
1224,2017-11-27,372.0,384.4,371.5,380.3,375.1076,545920,0.0,1.0
1225,2017-11-24,376.25,383.0,366.0,370.65,365.5893,1059667,0.0,1.0
1226,2017-11-23,390.4,392.1,371.1,373.75,368.647,1388931,0.0,1.0
1227,2017-11-22,390.0,407.95,387.0,395.2,389.8041,2185812,0.0,1.0
1228,2017-11-21,356.0,417.65,353.0,385.5,380.2366,6347146,0.0,1.0
1229,2017-11-20,344.3,358.5,344.25,354.9,350.0544,1535666,0.0,1.0
1230,2017-11-17,311.0,369.0,307.65,344.25,339.5498,21416660,0.0,1.0
